dataset,effect,held_out_perturbation_bin,training_gene_bin,mean_rejection_indicator,rejection_density,fraction_total_discoveries_retained
VCC-H1,Total,1,1,0.9153343422138148,0.2818223056371247,
VCC-H1,Total,1,2,0.8922111867004806,0.2818223056371247,
VCC-H1,Total,1,3,0.8756013359272713,0.2818223056371247,
VCC-H1,Total,1,4,0.862175063113414,0.2818223056371247,
VCC-H1,Total,1,5,0.8476667903658013,0.2818223056371247,
VCC-H1,Total,1,6,0.840458185902317,0.2818223056371247,
VCC-H1,Total,1,7,0.8310894624730095,0.2818223056371247,
VCC-H1,Total,1,8,0.8223099924281534,0.2818223056371247,
VCC-H1,Total,1,9,0.8103304078198401,0.2818223056371247,
VCC-H1,Total,1,10,0.7982026009793955,0.2818223056371247,
VCC-H1,Total,1,11,0.7870598773838167,0.2818223056371247,
VCC-H1,Total,1,12,0.7787679835112294,0.2818223056371247,
VCC-H1,Total,1,13,0.7729857931862821,0.2818223056371247,
VCC-H1,Total,1,14,0.7631666916661126,0.2818223056371247,
VCC-H1,Total,1,15,0.7525050809284751,0.2818223056371247,
VCC-H1,Total,1,16,0.7331969840053794,0.2818223056371247,
VCC-H1,Total,1,17,0.7108089764429592,0.2818223056371247,
VCC-H1,Total,1,18,0.6834735930822421,0.2818223056371247,
VCC-H1,Total,1,19,0.6482046228148564,0.2818223056371247,
VCC-H1,Total,1,20,0.5733270535817239,0.2818223056371247,
VCC-H1,Total,2,1,0.8788168833549238,0.2818223056371247,
VCC-H1,Total,2,2,0.8372319392200592,0.2818223056371247,
VCC-H1,Total,2,3,0.8139598534279494,0.2818223056371247,
VCC-H1,Total,2,4,0.7895263242214777,0.2818223056371247,
VCC-H1,Total,2,5,0.7749624157939075,0.2818223056371247,
VCC-H1,Total,2,6,0.755165776173832,0.2818223056371247,
VCC-H1,Total,2,7,0.7386814650921727,0.2818223056371247,
VCC-H1,Total,2,8,0.7214421733281179,0.2818223056371247,
VCC-H1,Total,2,9,0.7095009750623104,0.2818223056371247,
VCC-H1,Total,2,10,0.6951183486582412,0.2818223056371247,
VCC-H1,Total,2,11,0.6820157120903193,0.2818223056371247,
VCC-H1,Total,2,12,0.6675759360118273,0.2818223056371247,
VCC-H1,Total,2,13,0.6516718764046506,0.2818223056371247,
VCC-H1,Total,2,14,0.6344438941755285,0.2818223056371247,
VCC-H1,Total,2,15,0.6176374466157395,0.2818223056371247,
VCC-H1,Total,2,16,0.5949566184370386,0.2818223056371247,
VCC-H1,Total,2,17,0.5659727621941333,0.2818223056371247,
VCC-H1,Total,2,18,0.5353693357511066,0.2818223056371247,
VCC-H1,Total,2,19,0.4921879957864998,0.2818223056371247,
VCC-H1,Total,2,20,0.4062382413087935,0.2818223056371247,
VCC-H1,Total,3,1,0.8620462775184714,0.2818223056371247,
VCC-H1,Total,3,2,0.8114538472658527,0.2818223056371247,
VCC-H1,Total,3,3,0.7793305000195727,0.2818223056371247,
VCC-H1,Total,3,4,0.7515617664235641,0.2818223056371247,
VCC-H1,Total,3,5,0.7309372249146098,0.2818223056371247,
VCC-H1,Total,3,6,0.7078281833120168,0.2818223056371247,
VCC-H1,Total,3,7,0.6893857350912469,0.2818223056371247,
VCC-H1,Total,3,8,0.6726666739255721,0.2818223056371247,
VCC-H1,Total,3,9,0.657111970797874,0.2818223056371247,
VCC-H1,Total,3,10,0.6399314599445618,0.2818223056371247,
VCC-H1,Total,3,11,0.6211735533513182,0.2818223056371247,
VCC-H1,Total,3,12,0.6042277368515473,0.2818223056371247,
VCC-H1,Total,3,13,0.5839354530550284,0.2818223056371247,
VCC-H1,Total,3,14,0.5636730402756265,0.2818223056371247,
VCC-H1,Total,3,15,0.5446089656256463,0.2818223056371247,
VCC-H1,Total,3,16,0.5199791970669303,0.2818223056371247,
VCC-H1,Total,3,17,0.4835443899338679,0.2818223056371247,
VCC-H1,Total,3,18,0.4440210805051963,0.2818223056371247,
VCC-H1,Total,3,19,0.3986014151381286,0.2818223056371247,
VCC-H1,Total,3,20,0.3105962898194286,0.2818223056371247,
VCC-H1,Total,4,1,0.824275798926578,0.2818223056371247,
VCC-H1,Total,4,2,0.7687963999875541,0.2818223056371247,
VCC-H1,Total,4,3,0.7240026166044963,0.2818223056371247,
VCC-H1,Total,4,4,0.6947802107783184,0.2818223056371247,
VCC-H1,Total,4,5,0.6692682708257083,0.2818223056371247,
VCC-H1,Total,4,6,0.6426320174492846,0.2818223056371247,
VCC-H1,Total,4,7,0.6221725644656432,0.2818223056371247,
VCC-H1,Total,4,8,0.5991657067846083,0.2818223056371247,
VCC-H1,Total,4,9,0.5771583449990839,0.2818223056371247,
VCC-H1,Total,4,10,0.55305993843095,0.2818223056371247,
VCC-H1,Total,4,11,0.5310997030521509,0.2818223056371247,
VCC-H1,Total,4,12,0.510385948890142,0.2818223056371247,
VCC-H1,Total,4,13,0.4884537837648057,0.2818223056371247,
VCC-H1,Total,4,14,0.4655021678983677,0.2818223056371247,
VCC-H1,Total,4,15,0.4426428223996986,0.2818223056371247,
VCC-H1,Total,4,16,0.4136153932395728,0.2818223056371247,
VCC-H1,Total,4,17,0.3776740434556586,0.2818223056371247,
VCC-H1,Total,4,18,0.3351585324165329,0.2818223056371247,
VCC-H1,Total,4,19,0.2966009811766799,0.2818223056371247,
VCC-H1,Total,4,20,0.2353287438741833,0.2818223056371247,
VCC-H1,Total,5,1,0.7982333925022769,0.2818223056371247,
VCC-H1,Total,5,2,0.7205537835226908,0.2818223056371247,
VCC-H1,Total,5,3,0.6774336588526408,0.2818223056371247,
VCC-H1,Total,5,4,0.6431660173999144,0.2818223056371247,
VCC-H1,Total,5,5,0.6061309994204959,0.2818223056371247,
VCC-H1,Total,5,6,0.5784506354677298,0.2818223056371247,
VCC-H1,Total,5,7,0.552375669630204,0.2818223056371247,
VCC-H1,Total,5,8,0.5234887630462356,0.2818223056371247,
VCC-H1,Total,5,9,0.5002960450253099,0.2818223056371247,
VCC-H1,Total,5,10,0.4771933166158639,0.2818223056371247,
VCC-H1,Total,5,11,0.4513415543461377,0.2818223056371247,
VCC-H1,Total,5,12,0.4260024427510334,0.2818223056371247,
VCC-H1,Total,5,13,0.402781094729034,0.2818223056371247,
VCC-H1,Total,5,14,0.378140225628795,0.2818223056371247,
VCC-H1,Total,5,15,0.351703186209133,0.2818223056371247,
VCC-H1,Total,5,16,0.3248620024163306,0.2818223056371247,
VCC-H1,Total,5,17,0.2912200769878504,0.2818223056371247,
VCC-H1,Total,5,18,0.2598139059304704,0.2818223056371247,
VCC-H1,Total,5,19,0.2242904251591275,0.2818223056371247,
VCC-H1,Total,5,20,0.1705354578214321,0.2818223056371247,
VCC-H1,Total,6,1,0.7607787655973748,0.2818223056371247,
VCC-H1,Total,6,2,0.6773620258332227,0.2818223056371247,
VCC-H1,Total,6,3,0.6264627026416515,0.2818223056371247,
VCC-H1,Total,6,4,0.5877324196581248,0.2818223056371247,
VCC-H1,Total,6,5,0.5579732136346115,0.2818223056371247,
VCC-H1,Total,6,6,0.5277093915054536,0.2818223056371247,
VCC-H1,Total,6,7,0.4992728567918887,0.2818223056371247,
VCC-H1,Total,6,8,0.4728660923958807,0.2818223056371247,
VCC-H1,Total,6,9,0.448876824669585,0.2818223056371247,
VCC-H1,Total,6,10,0.4296937902394887,0.2818223056371247,
VCC-H1,Total,6,11,0.4038763850494841,0.2818223056371247,
VCC-H1,Total,6,12,0.3804682584699126,0.2818223056371247,
VCC-H1,Total,6,13,0.3570361419585636,0.2818223056371247,
VCC-H1,Total,6,14,0.334348157446852,0.2818223056371247,
VCC-H1,Total,6,15,0.3143140749388188,0.2818223056371247,
VCC-H1,Total,6,16,0.2862749282161517,0.2818223056371247,
VCC-H1,Total,6,17,0.2585637790992629,0.2818223056371247,
VCC-H1,Total,6,18,0.2293458883153153,0.2818223056371247,
VCC-H1,Total,6,19,0.1981788293871829,0.2818223056371247,
VCC-H1,Total,6,20,0.1467015230205178,0.2818223056371247,
VCC-H1,Total,7,1,0.7474633851015717,0.2818223056371247,
VCC-H1,Total,7,2,0.653926775236387,0.2818223056371247,
VCC-H1,Total,7,3,0.6030005026619315,0.2818223056371247,
VCC-H1,Total,7,4,0.5603778017328594,0.2818223056371247,
VCC-H1,Total,7,5,0.5237905090060526,0.2818223056371247,
VCC-H1,Total,7,6,0.4942305320343651,0.2818223056371247,
VCC-H1,Total,7,7,0.4665699376042762,0.2818223056371247,
VCC-H1,Total,7,8,0.4402697869758731,0.2818223056371247,
VCC-H1,Total,7,9,0.4172178724784124,0.2818223056371247,
VCC-H1,Total,7,10,0.3909573311896025,0.2818223056371247,
VCC-H1,Total,7,11,0.3662998805019809,0.2818223056371247,
VCC-H1,Total,7,12,0.3419118536400053,0.2818223056371247,
VCC-H1,Total,7,13,0.321461345358702,0.2818223056371247,
VCC-H1,Total,7,14,0.2971065931307171,0.2818223056371247,
VCC-H1,Total,7,15,0.269952423914351,0.2818223056371247,
VCC-H1,Total,7,16,0.2459807425771054,0.2818223056371247,
VCC-H1,Total,7,17,0.2205751599119242,0.2818223056371247,
VCC-H1,Total,7,18,0.1914937473522352,0.2818223056371247,
VCC-H1,Total,7,19,0.1612014314928425,0.2818223056371247,
VCC-H1,Total,7,20,0.1134464432345357,0.2818223056371247,
VCC-H1,Total,8,1,0.7325365398839477,0.2818223056371247,
VCC-H1,Total,8,2,0.6321289951542844,0.2818223056371247,
VCC-H1,Total,8,3,0.5769837306286237,0.2818223056371247,
VCC-H1,Total,8,4,0.5343514420252986,0.2818223056371247,
VCC-H1,Total,8,5,0.4924849075456501,0.2818223056371247,
VCC-H1,Total,8,6,0.4572863523211426,0.2818223056371247,
VCC-H1,Total,8,7,0.4293072732026242,0.2818223056371247,
VCC-H1,Total,8,8,0.3957099247846736,0.2818223056371247,
VCC-H1,Total,8,9,0.3691410938341728,0.2818223056371247,
VCC-H1,Total,8,10,0.3469644114247461,0.2818223056371247,
VCC-H1,Total,8,11,0.3226089912307575,0.2818223056371247,
VCC-H1,Total,8,12,0.2967731769901989,0.2818223056371247,
VCC-H1,Total,8,13,0.2733558791596206,0.2818223056371247,
VCC-H1,Total,8,14,0.2490876587995799,0.2818223056371247,
VCC-H1,Total,8,15,0.2251208426822316,0.2818223056371247,
VCC-H1,Total,8,16,0.2012770961145194,0.2818223056371247,
VCC-H1,Total,8,17,0.1780819983368114,0.2818223056371247,
VCC-H1,Total,8,18,0.1498188301194044,0.2818223056371247,
VCC-H1,Total,8,19,0.1268578496749459,0.2818223056371247,
VCC-H1,Total,8,20,0.0951431492842536,0.2818223056371247,
VCC-H1,Total,9,1,0.6779324624183516,0.2818223056371247,
VCC-H1,Total,9,2,0.5648908031791224,0.2818223056371247,
VCC-H1,Total,9,3,0.5100737595058201,0.2818223056371247,
VCC-H1,Total,9,4,0.4607351754807323,0.2818223056371247,
VCC-H1,Total,9,5,0.4207488837745248,0.2818223056371247,
VCC-H1,Total,9,6,0.3883818295406675,0.2818223056371247,
VCC-H1,Total,9,7,0.3608768612806554,0.2818223056371247,
VCC-H1,Total,9,8,0.3300337161805238,0.2818223056371247,
VCC-H1,Total,9,9,0.3066597393291804,0.2818223056371247,
VCC-H1,Total,9,10,0.2845918780955968,0.2818223056371247,
VCC-H1,Total,9,11,0.2641169007181492,0.2818223056371247,
VCC-H1,Total,9,12,0.2433908937808251,0.2818223056371247,
VCC-H1,Total,9,13,0.2248333150277983,0.2818223056371247,
VCC-H1,Total,9,14,0.2078343150844198,0.2818223056371247,
VCC-H1,Total,9,15,0.1862541645092285,0.2818223056371247,
VCC-H1,Total,9,16,0.1648850438548318,0.2818223056371247,
VCC-H1,Total,9,17,0.1440772312517315,0.2818223056371247,
VCC-H1,Total,9,18,0.1238994633863148,0.2818223056371247,
VCC-H1,Total,9,19,0.1014612602576373,0.2818223056371247,
VCC-H1,Total,9,20,0.0798477005632874,0.2818223056371247,
VCC-H1,Total,10,1,0.600934879282339,0.2818223056371247,
VCC-H1,Total,10,2,0.4837987429586334,0.2818223056371247,
VCC-H1,Total,10,3,0.4231687863165673,0.2818223056371247,
VCC-H1,Total,10,4,0.3752014407600711,0.2818223056371247,
VCC-H1,Total,10,5,0.3380665741491618,0.2818223056371247,
VCC-H1,Total,10,6,0.3069532550554381,0.2818223056371247,
VCC-H1,Total,10,7,0.282827316042448,0.2818223056371247,
VCC-H1,Total,10,8,0.2611542947400353,0.2818223056371247,
VCC-H1,Total,10,9,0.240670895245268,0.2818223056371247,
VCC-H1,Total,10,10,0.2196459735668073,0.2818223056371247,
VCC-H1,Total,10,11,0.2029983158907735,0.2818223056371247,
VCC-H1,Total,10,12,0.1857467592096448,0.2818223056371247,
VCC-H1,Total,10,13,0.1711088917829068,0.2818223056371247,
VCC-H1,Total,10,14,0.1561622288819502,0.2818223056371247,
VCC-H1,Total,10,15,0.1397619025204106,0.2818223056371247,
VCC-H1,Total,10,16,0.1227746928592722,0.2818223056371247,
VCC-H1,Total,10,17,0.1063571024536574,0.2818223056371247,
VCC-H1,Total,10,18,0.091233976119122,0.2818223056371247,
VCC-H1,Total,10,19,0.0743099257841306,0.2818223056371247,
VCC-H1,Total,10,20,0.054383286523465,0.2818223056371247,
VCC-H1,Total,11,1,0.5667110981309119,0.2818223056371247,
VCC-H1,Total,11,2,0.437424674168519,0.2818223056371247,
VCC-H1,Total,11,3,0.373249972439534,0.2818223056371247,
VCC-H1,Total,11,4,0.3278509471952219,0.2818223056371247,
VCC-H1,Total,11,5,0.2887694654170898,0.2818223056371247,
VCC-H1,Total,11,6,0.2583407849570805,0.2818223056371247,
VCC-H1,Total,11,7,0.2332983960486211,0.2818223056371247,
VCC-H1,Total,11,8,0.2104217150717315,0.2818223056371247,
VCC-H1,Total,11,9,0.1861428694710746,0.2818223056371247,
VCC-H1,Total,11,10,0.167750882588298,0.2818223056371247,
VCC-H1,Total,11,11,0.1525150419196753,0.2818223056371247,
VCC-H1,Total,11,12,0.1391858837231663,0.2818223056371247,
VCC-H1,Total,11,13,0.1264727941151712,0.2818223056371247,
VCC-H1,Total,11,14,0.1165037453595843,0.2818223056371247,
VCC-H1,Total,11,15,0.1015864921302018,0.2818223056371247,
VCC-H1,Total,11,16,0.0887880745212524,0.2818223056371247,
VCC-H1,Total,11,17,0.0775846970956961,0.2818223056371247,
VCC-H1,Total,11,18,0.0667692639605855,0.2818223056371247,
VCC-H1,Total,11,19,0.0541986987379641,0.2818223056371247,
VCC-H1,Total,11,20,0.0413558726771583,0.2818223056371247,
VCC-H1,Total,12,1,0.4963468917231977,0.2818223056371247,
VCC-H1,Total,12,2,0.3731348613728247,0.2818223056371247,
VCC-H1,Total,12,3,0.3131724148780377,0.2818223056371247,
VCC-H1,Total,12,4,0.2674189307741736,0.2818223056371247,
VCC-H1,Total,12,5,0.2297471441877067,0.2818223056371247,
VCC-H1,Total,12,6,0.2006503692586349,0.2818223056371247,
VCC-H1,Total,12,7,0.18473311837405,0.2818223056371247,
VCC-H1,Total,12,8,0.1646950324007971,0.2818223056371247,
VCC-H1,Total,12,9,0.1504029335927489,0.2818223056371247,
VCC-H1,Total,12,10,0.1337054979367046,0.2818223056371247,
VCC-H1,Total,12,11,0.120953961579297,0.2818223056371247,
VCC-H1,Total,12,12,0.1096907232312678,0.2818223056371247,
VCC-H1,Total,12,13,0.0996988284505733,0.2818223056371247,
VCC-H1,Total,12,14,0.0919619067810848,0.2818223056371247,
VCC-H1,Total,12,15,0.0824557790574218,0.2818223056371247,
VCC-H1,Total,12,16,0.0721330472439709,0.2818223056371247,
VCC-H1,Total,12,17,0.0628402240597492,0.2818223056371247,
VCC-H1,Total,12,18,0.0521589626514782,0.2818223056371247,
VCC-H1,Total,12,19,0.0415002301267265,0.2818223056371247,
VCC-H1,Total,12,20,0.0320457978336706,0.2818223056371247,
VCC-H1,Total,13,1,0.4502755398725727,0.2818223056371247,
VCC-H1,Total,13,2,0.3165669680217403,0.2818223056371247,
VCC-H1,Total,13,3,0.2494722776234627,0.2818223056371247,
VCC-H1,Total,13,4,0.209653058620079,0.2818223056371247,
VCC-H1,Total,13,5,0.1804853215405611,0.2818223056371247,
VCC-H1,Total,13,6,0.1536650857892927,0.2818223056371247,
VCC-H1,Total,13,7,0.136837093813252,0.2818223056371247,
VCC-H1,Total,13,8,0.121534288882264,0.2818223056371247,
VCC-H1,Total,13,9,0.1096437455216816,0.2818223056371247,
VCC-H1,Total,13,10,0.0970274138463067,0.2818223056371247,
VCC-H1,Total,13,11,0.0859596362951689,0.2818223056371247,
VCC-H1,Total,13,12,0.0776002396486027,0.2818223056371247,
VCC-H1,Total,13,13,0.0705975727818732,0.2818223056371247,
VCC-H1,Total,13,14,0.0626568197502435,0.2818223056371247,
VCC-H1,Total,13,15,0.0553207955728474,0.2818223056371247,
VCC-H1,Total,13,16,0.0470348592767411,0.2818223056371247,
VCC-H1,Total,13,17,0.0398702950699685,0.2818223056371247,
VCC-H1,Total,13,18,0.0346685521367789,0.2818223056371247,
VCC-H1,Total,13,19,0.0286354138881479,0.2818223056371247,
VCC-H1,Total,13,20,0.0209357397266721,0.2818223056371247,
VCC-H1,Total,14,1,0.3631491181464931,0.2818223056371247,
VCC-H1,Total,14,2,0.2349302252294485,0.2818223056371247,
VCC-H1,Total,14,3,0.1770854721558474,0.2818223056371247,
VCC-H1,Total,14,4,0.1430820977093219,0.2818223056371247,
VCC-H1,Total,14,5,0.1186082028523507,0.2818223056371247,
VCC-H1,Total,14,6,0.1013112244897959,0.2818223056371247,
VCC-H1,Total,14,7,0.0860676624877744,0.2818223056371247,
VCC-H1,Total,14,8,0.0753525702076691,0.2818223056371247,
VCC-H1,Total,14,9,0.0669079343362389,0.2818223056371247,
VCC-H1,Total,14,10,0.0594631670097074,0.2818223056371247,
VCC-H1,Total,14,11,0.0526449850679135,0.2818223056371247,
VCC-H1,Total,14,12,0.045535871236377,0.2818223056371247,
VCC-H1,Total,14,13,0.0399040930352013,0.2818223056371247,
VCC-H1,Total,14,14,0.0346904184985785,0.2818223056371247,
VCC-H1,Total,14,15,0.0301454076532297,0.2818223056371247,
VCC-H1,Total,14,16,0.02487623689569,0.2818223056371247,
VCC-H1,Total,14,17,0.0211026760941751,0.2818223056371247,
VCC-H1,Total,14,18,0.0182142303648297,0.2818223056371247,
VCC-H1,Total,14,19,0.0147754120052929,0.2818223056371247,
VCC-H1,Total,14,20,0.011840490797546,0.2818223056371247,
VCC-H1,Total,15,1,0.2678065834296966,0.2818223056371247,
VCC-H1,Total,15,2,0.1523948131218975,0.2818223056371247,
VCC-H1,Total,15,3,0.1105650784581048,0.2818223056371247,
VCC-H1,Total,15,4,0.0866317113425644,0.2818223056371247,
VCC-H1,Total,15,5,0.0718832785481282,0.2818223056371247,
VCC-H1,Total,15,6,0.0592823858486733,0.2818223056371247,
VCC-H1,Total,15,7,0.0514299476749703,0.2818223056371247,
VCC-H1,Total,15,8,0.0432247504747327,0.2818223056371247,
VCC-H1,Total,15,9,0.0391537168081422,0.2818223056371247,
VCC-H1,Total,15,10,0.0344086815307611,0.2818223056371247,
VCC-H1,Total,15,11,0.029949670238861,0.2818223056371247,
VCC-H1,Total,15,12,0.0265205911118782,0.2818223056371247,
VCC-H1,Total,15,13,0.0227677553104078,0.2818223056371247,
VCC-H1,Total,15,14,0.020113721829089,0.2818223056371247,
VCC-H1,Total,15,15,0.0179606352543684,0.2818223056371247,
VCC-H1,Total,15,16,0.016529168562597,0.2818223056371247,
VCC-H1,Total,15,17,0.012891354363505,0.2818223056371247,
VCC-H1,Total,15,18,0.0117769473228263,0.2818223056371247,
VCC-H1,Total,15,19,0.0094384463307862,0.2818223056371247,
VCC-H1,Total,15,20,0.0072648261758691,0.2818223056371247,
VCC-H1,Total,16,1,0.175615464072118,0.2818223056371247,
VCC-H1,Total,16,2,0.0873830742415426,0.2818223056371247,
VCC-H1,Total,16,3,0.0616068144225385,0.2818223056371247,
VCC-H1,Total,16,4,0.0472180635016077,0.2818223056371247,
VCC-H1,Total,16,5,0.0370567686195342,0.2818223056371247,
VCC-H1,Total,16,6,0.0303997275786271,0.2818223056371247,
VCC-H1,Total,16,7,0.0260590745767498,0.2818223056371247,
VCC-H1,Total,16,8,0.0225821683167798,0.2818223056371247,
VCC-H1,Total,16,9,0.0201190304342595,0.2818223056371247,
VCC-H1,Total,16,10,0.0164479208249928,0.2818223056371247,
VCC-H1,Total,16,11,0.0142443762781186,0.2818223056371247,
VCC-H1,Total,16,12,0.0128077292055746,0.2818223056371247,
VCC-H1,Total,16,13,0.0113054043517644,0.2818223056371247,
VCC-H1,Total,16,14,0.0102671589311179,0.2818223056371247,
VCC-H1,Total,16,15,0.0096223542312094,0.2818223056371247,
VCC-H1,Total,16,16,0.0083336994440347,0.2818223056371247,
VCC-H1,Total,16,17,0.0064522670418843,0.2818223056371247,
VCC-H1,Total,16,18,0.0058649888951863,0.2818223056371247,
VCC-H1,Total,16,19,0.0046937588585714,0.2818223056371247,
VCC-H1,Total,16,20,0.0039468302658486,0.2818223056371247,
VCC-H1,Total,17,1,0.0927338939957342,0.2818223056371247,
VCC-H1,Total,17,2,0.0419301325789835,0.2818223056371247,
VCC-H1,Total,17,3,0.0283390749525388,0.2818223056371247,
VCC-H1,Total,17,4,0.0207248792272002,0.2818223056371247,
VCC-H1,Total,17,5,0.0174842094571366,0.2818223056371247,
VCC-H1,Total,17,6,0.0141820535258513,0.2818223056371247,
VCC-H1,Total,17,7,0.0119821660503803,0.2818223056371247,
VCC-H1,Total,17,8,0.0101027490031486,0.2818223056371247,
VCC-H1,Total,17,9,0.0093127649202472,0.2818223056371247,
VCC-H1,Total,17,10,0.0081398046630512,0.2818223056371247,
VCC-H1,Total,17,11,0.0073631138666432,0.2818223056371247,
VCC-H1,Total,17,12,0.0068038859604047,0.2818223056371247,
VCC-H1,Total,17,13,0.0061233723569297,0.2818223056371247,
VCC-H1,Total,17,14,0.0053086775290071,0.2818223056371247,
VCC-H1,Total,17,15,0.0049371553547176,0.2818223056371247,
VCC-H1,Total,17,16,0.0038327222771388,0.2818223056371247,
VCC-H1,Total,17,17,0.0032891377046237,0.2818223056371247,
VCC-H1,Total,17,18,0.0022921240871204,0.2818223056371247,
VCC-H1,Total,17,19,0.0017842718842671,0.2818223056371247,
VCC-H1,Total,17,20,0.0018473074301295,0.2818223056371247,
VCC-H1,Total,18,1,0.044047855485274,0.2818223056371247,
VCC-H1,Total,18,2,0.0195257628319321,0.2818223056371247,
VCC-H1,Total,18,3,0.0124911817858264,0.2818223056371247,
VCC-H1,Total,18,4,0.0094369266099587,0.2818223056371247,
VCC-H1,Total,18,5,0.0079241500617989,0.2818223056371247,
VCC-H1,Total,18,6,0.0067131111250013,0.2818223056371247,
VCC-H1,Total,18,7,0.0060042277283223,0.2818223056371247,
VCC-H1,Total,18,8,0.0046169933191568,0.2818223056371247,
VCC-H1,Total,18,9,0.0046834842232438,0.2818223056371247,
VCC-H1,Total,18,10,0.0038501482882172,0.2818223056371247,
VCC-H1,Total,18,11,0.0039592432369568,0.2818223056371247,
VCC-H1,Total,18,12,0.0033253460610236,0.2818223056371247,
VCC-H1,Total,18,13,0.0029998870724937,0.2818223056371247,
VCC-H1,Total,18,14,0.0030967352231215,0.2818223056371247,
VCC-H1,Total,18,15,0.0028343236050544,0.2818223056371247,
VCC-H1,Total,18,16,0.0026451908327629,0.2818223056371247,
VCC-H1,Total,18,17,0.0021900689934481,0.2818223056371247,
VCC-H1,Total,18,18,0.001649852596858,0.2818223056371247,
VCC-H1,Total,18,19,0.0011690707936059,0.2818223056371247,
VCC-H1,Total,18,20,0.001002044989775,0.2818223056371247,
VCC-H1,Total,19,1,0.024046309646088,0.2818223056371247,
VCC-H1,Total,19,2,0.0104934473023512,0.2818223056371247,
VCC-H1,Total,19,3,0.0082333366940693,0.2818223056371247,
VCC-H1,Total,19,4,0.0056620047978834,0.2818223056371247,
VCC-H1,Total,19,5,0.004338948480327,0.2818223056371247,
VCC-H1,Total,19,6,0.0040667626506455,0.2818223056371247,
VCC-H1,Total,19,7,0.0039762167809253,0.2818223056371247,
VCC-H1,Total,19,8,0.0034974160553515,0.2818223056371247,
VCC-H1,Total,19,9,0.002914328656628,0.2818223056371247,
VCC-H1,Total,19,10,0.0026485494170994,0.2818223056371247,
VCC-H1,Total,19,11,0.0028326717341595,0.2818223056371247,
VCC-H1,Total,19,12,0.0028156542901371,0.2818223056371247,
VCC-H1,Total,19,13,0.00244242512297,0.2818223056371247,
VCC-H1,Total,19,14,0.0019703796600722,0.2818223056371247,
VCC-H1,Total,19,15,0.0017588969369951,0.2818223056371247,
VCC-H1,Total,19,16,0.001469079071011,0.2818223056371247,
VCC-H1,Total,19,17,0.0014656963257358,0.2818223056371247,
VCC-H1,Total,19,18,0.0011588510748835,0.2818223056371247,
VCC-H1,Total,19,19,0.001019099646616,0.2818223056371247,
VCC-H1,Total,19,20,0.0007089297886843,0.2818223056371247,
VCC-H1,Total,20,1,0.0134211708758234,0.2818223056371247,
VCC-H1,Total,20,2,0.0058709201904345,0.2818223056371247,
VCC-H1,Total,20,3,0.0044193266902667,0.2818223056371247,
VCC-H1,Total,20,4,0.0040650072883871,0.2818223056371247,
VCC-H1,Total,20,5,0.0031344006208915,0.2818223056371247,
VCC-H1,Total,20,6,0.0025307198962428,0.2818223056371247,
VCC-H1,Total,20,7,0.0023229116874694,0.2818223056371247,
VCC-H1,Total,20,8,0.0023504807139056,0.2818223056371247,
VCC-H1,Total,20,9,0.00198772939283,0.2818223056371247,
VCC-H1,Total,20,10,0.0016977870128076,0.2818223056371247,
VCC-H1,Total,20,11,0.0015612892836849,0.2818223056371247,
VCC-H1,Total,20,12,0.0016752891614537,0.2818223056371247,
VCC-H1,Total,20,13,0.0016156659986888,0.2818223056371247,
VCC-H1,Total,20,14,0.0015286568816856,0.2818223056371247,
VCC-H1,Total,20,15,0.001172463419439,0.2818223056371247,
VCC-H1,Total,20,16,0.0012576974774972,0.2818223056371247,
VCC-H1,Total,20,17,0.0010975054511143,0.2818223056371247,
VCC-H1,Total,20,18,0.0008470250042525,0.2818223056371247,
VCC-H1,Total,20,19,0.0005947538079871,0.2818223056371247,
VCC-H1,Total,20,20,0.0003067484662576,0.2818223056371247,
VCC-H1,Residual,1,1,0.8626180601557774,0.2235039590883711,0.7929935144103605
VCC-H1,Residual,1,2,0.8280052346732828,0.2235039590883711,0.7929935144103605
VCC-H1,Residual,1,3,0.8093166400756425,0.2235039590883711,0.7929935144103605
VCC-H1,Residual,1,4,0.7900279579467536,0.2235039590883711,0.7929935144103605
VCC-H1,Residual,1,5,0.7811092141183833,0.2235039590883711,0.7929935144103605
VCC-H1,Residual,1,6,0.7656210504711676,0.2235039590883711,0.7929935144103605
VCC-H1,Residual,1,7,0.7493047322680035,0.2235039590883711,0.7929935144103605
VCC-H1,Residual,1,8,0.739715890173648,0.2235039590883711,0.7929935144103605
VCC-H1,Residual,1,9,0.7273116354176038,0.2235039590883711,0.7929935144103605
VCC-H1,Residual,1,10,0.7155592435849214,0.2235039590883711,0.7929935144103605
VCC-H1,Residual,1,11,0.7072843753162447,0.2235039590883711,0.7929935144103605
VCC-H1,Residual,1,12,0.6941509438683989,0.2235039590883711,0.7929935144103605
VCC-H1,Residual,1,13,0.6832656923782092,0.2235039590883711,0.7929935144103605
VCC-H1,Residual,1,14,0.6681127008368558,0.2235039590883711,0.7929935144103605
VCC-H1,Residual,1,15,0.6561723850869983,0.2235039590883711,0.7929935144103605
VCC-H1,Residual,1,16,0.6350560012008257,0.2235039590883711,0.7929935144103605
VCC-H1,Residual,1,17,0.6132316867360332,0.2235039590883711,0.7929935144103605
VCC-H1,Residual,1,18,0.5872005644601831,0.2235039590883711,0.7929935144103605
VCC-H1,Residual,1,19,0.5542270976463294,0.2235039590883711,0.7929935144103605
VCC-H1,Residual,1,20,0.4868063218696566,0.2235039590883711,0.7929935144103605
VCC-H1,Residual,2,1,0.8130831757034684,0.2235039590883711,0.7929935144103605
VCC-H1,Residual,2,2,0.7484066569878675,0.2235039590883711,0.7929935144103605
VCC-H1,Residual,2,3,0.7211556058084784,0.2235039590883711,0.7929935144103605
VCC-H1,Residual,2,4,0.6978367400320018,0.2235039590883711,0.7929935144103605
VCC-H1,Residual,2,5,0.6805715755778319,0.2235039590883711,0.7929935144103605
VCC-H1,Residual,2,6,0.6540566789006276,0.2235039590883711,0.7929935144103605
VCC-H1,Residual,2,7,0.6343844738888009,0.2235039590883711,0.7929935144103605
VCC-H1,Residual,2,8,0.6190305047938974,0.2235039590883711,0.7929935144103605
VCC-H1,Residual,2,9,0.6052078722891514,0.2235039590883711,0.7929935144103605
VCC-H1,Residual,2,10,0.5883549133868583,0.2235039590883711,0.7929935144103605
VCC-H1,Residual,2,11,0.5736313663887269,0.2235039590883711,0.7929935144103605
VCC-H1,Residual,2,12,0.5598590945752359,0.2235039590883711,0.7929935144103605
VCC-H1,Residual,2,13,0.5449056546953863,0.2235039590883711,0.7929935144103605
VCC-H1,Residual,2,14,0.5282782362921267,0.2235039590883711,0.7929935144103605
VCC-H1,Residual,2,15,0.5077665730469301,0.2235039590883711,0.7929935144103605
VCC-H1,Residual,2,16,0.4834718289499644,0.2235039590883711,0.7929935144103605
VCC-H1,Residual,2,17,0.4586744985680808,0.2235039590883711,0.7929935144103605
VCC-H1,Residual,2,18,0.4268431451001312,0.2235039590883711,0.7929935144103605
VCC-H1,Residual,2,19,0.3858380573554999,0.2235039590883711,0.7929935144103605
VCC-H1,Residual,2,20,0.3178317493849636,0.2235039590883711,0.7929935144103605
VCC-H1,Residual,3,1,0.7940185208350081,0.2235039590883711,0.7929935144103605
VCC-H1,Residual,3,2,0.7206899760330878,0.2235039590883711,0.7929935144103605
VCC-H1,Residual,3,3,0.6827888036149916,0.2235039590883711,0.7929935144103605
VCC-H1,Residual,3,4,0.6523331326586397,0.2235039590883711,0.7929935144103605
VCC-H1,Residual,3,5,0.6257821394916644,0.2235039590883711,0.7929935144103605
VCC-H1,Residual,3,6,0.6017776142291558,0.2235039590883711,0.7929935144103605
VCC-H1,Residual,3,7,0.5746893139158735,0.2235039590883711,0.7929935144103605
VCC-H1,Residual,3,8,0.5549119828871453,0.2235039590883711,0.7929935144103605
VCC-H1,Residual,3,9,0.5372634752984289,0.2235039590883711,0.7929935144103605
VCC-H1,Residual,3,10,0.5175717509763228,0.2235039590883711,0.7929935144103605
VCC-H1,Residual,3,11,0.4990869162096261,0.2235039590883711,0.7929935144103605
VCC-H1,Residual,3,12,0.4801124033943681,0.2235039590883711,0.7929935144103605
VCC-H1,Residual,3,13,0.4590610186485422,0.2235039590883711,0.7929935144103605
VCC-H1,Residual,3,14,0.4376401496031588,0.2235039590883711,0.7929935144103605
VCC-H1,Residual,3,15,0.4173329672226318,0.2235039590883711,0.7929935144103605
VCC-H1,Residual,3,16,0.3875663082762187,0.2235039590883711,0.7929935144103605
VCC-H1,Residual,3,17,0.3607105983727563,0.2235039590883711,0.7929935144103605
VCC-H1,Residual,3,18,0.329735414620883,0.2235039590883711,0.7929935144103605
VCC-H1,Residual,3,19,0.2908746280053766,0.2235039590883711,0.7929935144103605
VCC-H1,Residual,3,20,0.2268516179477926,0.2235039590883711,0.7929935144103605
VCC-H1,Residual,4,1,0.7337841110070772,0.2235039590883711,0.7929935144103605
VCC-H1,Residual,4,2,0.6549985003454454,0.2235039590883711,0.7929935144103605
VCC-H1,Residual,4,3,0.6104490547494585,0.2235039590883711,0.7929935144103605
VCC-H1,Residual,4,4,0.5729697855806442,0.2235039590883711,0.7929935144103605
VCC-H1,Residual,4,5,0.5420238396902824,0.2235039590883711,0.7929935144103605
VCC-H1,Residual,4,6,0.5136630225147811,0.2235039590883711,0.7929935144103605
VCC-H1,Residual,4,7,0.4861018491440073,0.2235039590883711,0.7929935144103605
VCC-H1,Residual,4,8,0.47137925019942,0.2235039590883711,0.7929935144103605
VCC-H1,Residual,4,9,0.4516592267747855,0.2235039590883711,0.7929935144103605
VCC-H1,Residual,4,10,0.4286567821570877,0.2235039590883711,0.7929935144103605
VCC-H1,Residual,4,11,0.4103455239080517,0.2235039590883711,0.7929935144103605
VCC-H1,Residual,4,12,0.3896927981833414,0.2235039590883711,0.7929935144103605
VCC-H1,Residual,4,13,0.3741928398924627,0.2235039590883711,0.7929935144103605
VCC-H1,Residual,4,14,0.3516817653647446,0.2235039590883711,0.7929935144103605
VCC-H1,Residual,4,15,0.3291700976469542,0.2235039590883711,0.7929935144103605
VCC-H1,Residual,4,16,0.3041745451558174,0.2235039590883711,0.7929935144103605
VCC-H1,Residual,4,17,0.2788036641401816,0.2235039590883711,0.7929935144103605
VCC-H1,Residual,4,18,0.2541170939982615,0.2235039590883711,0.7929935144103605
VCC-H1,Residual,4,19,0.2177849750025114,0.2235039590883711,0.7929935144103605
VCC-H1,Residual,4,20,0.1666175869120654,0.2235039590883711,0.7929935144103605
VCC-H1,Residual,5,1,0.690397101472177,0.2235039590883711,0.7929935144103605
VCC-H1,Residual,5,2,0.5932901417440225,0.2235039590883711,0.7929935144103605
VCC-H1,Residual,5,3,0.5456021548895211,0.2235039590883711,0.7929935144103605
VCC-H1,Residual,5,4,0.5034016335085121,0.2235039590883711,0.7929935144103605
VCC-H1,Residual,5,5,0.4674436228204872,0.2235039590883711,0.7929935144103605
VCC-H1,Residual,5,6,0.436215616804001,0.2235039590883711,0.7929935144103605
VCC-H1,Residual,5,7,0.4128998582628569,0.2235039590883711,0.7929935144103605
VCC-H1,Residual,5,8,0.3956597903753657,0.2235039590883711,0.7929935144103605
VCC-H1,Residual,5,9,0.3738954876724895,0.2235039590883711,0.7929935144103605
VCC-H1,Residual,5,10,0.3493672156931909,0.2235039590883711,0.7929935144103605
VCC-H1,Residual,5,11,0.3298494774724277,0.2235039590883711,0.7929935144103605
VCC-H1,Residual,5,12,0.3139939748638852,0.2235039590883711,0.7929935144103605
VCC-H1,Residual,5,13,0.298209381325216,0.2235039590883711,0.7929935144103605
VCC-H1,Residual,5,14,0.2825008541503456,0.2235039590883711,0.7929935144103605
VCC-H1,Residual,5,15,0.2586896244227218,0.2235039590883711,0.7929935144103605
VCC-H1,Residual,5,16,0.2363199128937298,0.2235039590883711,0.7929935144103605
VCC-H1,Residual,5,17,0.215078766102333,0.2235039590883711,0.7929935144103605
VCC-H1,Residual,5,18,0.1914489656790605,0.2235039590883711,0.7929935144103605
VCC-H1,Residual,5,19,0.162913783544893,0.2235039590883711,0.7929935144103605
VCC-H1,Residual,5,20,0.1254495760961093,0.2235039590883711,0.7929935144103605
VCC-H1,Residual,6,1,0.6711859835817939,0.2235039590883711,0.7929935144103605
VCC-H1,Residual,6,2,0.5633099906247594,0.2235039590883711,0.7929935144103605
VCC-H1,Residual,6,3,0.5158414398224832,0.2235039590883711,0.7929935144103605
VCC-H1,Residual,6,4,0.4744912012584517,0.2235039590883711,0.7929935144103605
VCC-H1,Residual,6,5,0.439926750424519,0.2235039590883711,0.7929935144103605
VCC-H1,Residual,6,6,0.4043174344469793,0.2235039590883711,0.7929935144103605
VCC-H1,Residual,6,7,0.3746149974055604,0.2235039590883711,0.7929935144103605
VCC-H1,Residual,6,8,0.3565916348934878,0.2235039590883711,0.7929935144103605
VCC-H1,Residual,6,9,0.3337204209843935,0.2235039590883711,0.7929935144103605
VCC-H1,Residual,6,10,0.3052497669597518,0.2235039590883711,0.7929935144103605
VCC-H1,Residual,6,11,0.2843914107314795,0.2235039590883711,0.7929935144103605
VCC-H1,Residual,6,12,0.2672264357215308,0.2235039590883711,0.7929935144103605
VCC-H1,Residual,6,13,0.2519563789678471,0.2235039590883711,0.7929935144103605
VCC-H1,Residual,6,14,0.2365709870045858,0.2235039590883711,0.7929935144103605
VCC-H1,Residual,6,15,0.2141989191404607,0.2235039590883711,0.7929935144103605
VCC-H1,Residual,6,16,0.1919310561247706,0.2235039590883711,0.7929935144103605
VCC-H1,Residual,6,17,0.1719241287872845,0.2235039590883711,0.7929935144103605
VCC-H1,Residual,6,18,0.1508685824280097,0.2235039590883711,0.7929935144103605
VCC-H1,Residual,6,19,0.1296113556640304,0.2235039590883711,0.7929935144103605
VCC-H1,Residual,6,20,0.0977673628000146,0.2235039590883711,0.7929935144103605
VCC-H1,Residual,7,1,0.641628212540759,0.2235039590883711,0.7929935144103605
VCC-H1,Residual,7,2,0.526238364380943,0.2235039590883711,0.7929935144103605
VCC-H1,Residual,7,3,0.4745892634677224,0.2235039590883711,0.7929935144103605
VCC-H1,Residual,7,4,0.4329836075775277,0.2235039590883711,0.7929935144103605
VCC-H1,Residual,7,5,0.39768797856049,0.2235039590883711,0.7929935144103605
VCC-H1,Residual,7,6,0.3641491332967684,0.2235039590883711,0.7929935144103605
VCC-H1,Residual,7,7,0.3334371432625543,0.2235039590883711,0.7929935144103605
VCC-H1,Residual,7,8,0.3116510912713977,0.2235039590883711,0.7929935144103605
VCC-H1,Residual,7,9,0.2905797674837925,0.2235039590883711,0.7929935144103605
VCC-H1,Residual,7,10,0.2683001103771035,0.2235039590883711,0.7929935144103605
VCC-H1,Residual,7,11,0.2448960795469957,0.2235039590883711,0.7929935144103605
VCC-H1,Residual,7,12,0.2302214398174043,0.2235039590883711,0.7929935144103605
VCC-H1,Residual,7,13,0.2145339123112569,0.2235039590883711,0.7929935144103605
VCC-H1,Residual,7,14,0.1971202126013783,0.2235039590883711,0.7929935144103605
VCC-H1,Residual,7,15,0.1781542476686594,0.2235039590883711,0.7929935144103605
VCC-H1,Residual,7,16,0.1576225111009994,0.2235039590883711,0.7929935144103605
VCC-H1,Residual,7,17,0.1379739459934413,0.2235039590883711,0.7929935144103605
VCC-H1,Residual,7,18,0.1210505755783241,0.2235039590883711,0.7929935144103605
VCC-H1,Residual,7,19,0.1022090001530663,0.2235039590883711,0.7929935144103605
VCC-H1,Residual,7,20,0.0790378039438168,0.2235039590883711,0.7929935144103605
VCC-H1,Residual,8,1,0.6220222528070681,0.2235039590883711,0.7929935144103605
VCC-H1,Residual,8,2,0.4968367949452038,0.2235039590883711,0.7929935144103605
VCC-H1,Residual,8,3,0.4417087846239925,0.2235039590883711,0.7929935144103605
VCC-H1,Residual,8,4,0.3958570360762989,0.2235039590883711,0.7929935144103605
VCC-H1,Residual,8,5,0.356672490129283,0.2235039590883711,0.7929935144103605
VCC-H1,Residual,8,6,0.3177373972559927,0.2235039590883711,0.7929935144103605
VCC-H1,Residual,8,7,0.2903249415530415,0.2235039590883711,0.7929935144103605
VCC-H1,Residual,8,8,0.2681764548977766,0.2235039590883711,0.7929935144103605
VCC-H1,Residual,8,9,0.2517721759458973,0.2235039590883711,0.7929935144103605
VCC-H1,Residual,8,10,0.2271522247370675,0.2235039590883711,0.7929935144103605
VCC-H1,Residual,8,11,0.21079812324998,0.2235039590883711,0.7929935144103605
VCC-H1,Residual,8,12,0.1943062953995804,0.2235039590883711,0.7929935144103605
VCC-H1,Residual,8,13,0.179138435627847,0.2235039590883711,0.7929935144103605
VCC-H1,Residual,8,14,0.1623989985343955,0.2235039590883711,0.7929935144103605
VCC-H1,Residual,8,15,0.1459091529484761,0.2235039590883711,0.7929935144103605
VCC-H1,Residual,8,16,0.1294955131203684,0.2235039590883711,0.7929935144103605
VCC-H1,Residual,8,17,0.1127555609600468,0.2235039590883711,0.7929935144103605
VCC-H1,Residual,8,18,0.097446492920988,0.2235039590883711,0.7929935144103605
VCC-H1,Residual,8,19,0.0809523297715992,0.2235039590883711,0.7929935144103605
VCC-H1,Residual,8,20,0.0613298212856761,0.2235039590883711,0.7929935144103605
VCC-H1,Residual,9,1,0.58197738069194,0.2235039590883711,0.7929935144103605
VCC-H1,Residual,9,2,0.4568039946346903,0.2235039590883711,0.7929935144103605
VCC-H1,Residual,9,3,0.4038292003142447,0.2235039590883711,0.7929935144103605
VCC-H1,Residual,9,4,0.3551747685311918,0.2235039590883711,0.7929935144103605
VCC-H1,Residual,9,5,0.3163783143575269,0.2235039590883711,0.7929935144103605
VCC-H1,Residual,9,6,0.2792201265405276,0.2235039590883711,0.7929935144103605
VCC-H1,Residual,9,7,0.2501412569244721,0.2235039590883711,0.7929935144103605
VCC-H1,Residual,9,8,0.2315914675285958,0.2235039590883711,0.7929935144103605
VCC-H1,Residual,9,9,0.2135499512495685,0.2235039590883711,0.7929935144103605
VCC-H1,Residual,9,10,0.1940227302444049,0.2235039590883711,0.7929935144103605
VCC-H1,Residual,9,11,0.177155730417,0.2235039590883711,0.7929935144103605
VCC-H1,Residual,9,12,0.1632832721301057,0.2235039590883711,0.7929935144103605
VCC-H1,Residual,9,13,0.149181875951234,0.2235039590883711,0.7929935144103605
VCC-H1,Residual,9,14,0.135958456895695,0.2235039590883711,0.7929935144103605
VCC-H1,Residual,9,15,0.1217448712609646,0.2235039590883711,0.7929935144103605
VCC-H1,Residual,9,16,0.1078924628266884,0.2235039590883711,0.7929935144103605
VCC-H1,Residual,9,17,0.0904764407763639,0.2235039590883711,0.7929935144103605
VCC-H1,Residual,9,18,0.0771181648439583,0.2235039590883711,0.7929935144103605
VCC-H1,Residual,9,19,0.062824687890627,0.2235039590883711,0.7929935144103605
VCC-H1,Residual,9,20,0.0436568498999067,0.2235039590883711,0.7929935144103605
VCC-H1,Residual,10,1,0.5341917263076748,0.2235039590883711,0.7929935144103605
VCC-H1,Residual,10,2,0.4039926764393099,0.2235039590883711,0.7929935144103605
VCC-H1,Residual,10,3,0.3420016823642675,0.2235039590883711,0.7929935144103605
VCC-H1,Residual,10,4,0.2974380446231398,0.2235039590883711,0.7929935144103605
VCC-H1,Residual,10,5,0.2606121603433907,0.2235039590883711,0.7929935144103605
VCC-H1,Residual,10,6,0.2283116382692244,0.2235039590883711,0.7929935144103605
VCC-H1,Residual,10,7,0.2030425836745366,0.2235039590883711,0.7929935144103605
VCC-H1,Residual,10,8,0.1866419803450855,0.2235039590883711,0.7929935144103605
VCC-H1,Residual,10,9,0.1730546804560477,0.2235039590883711,0.7929935144103605
VCC-H1,Residual,10,10,0.1552027483992988,0.2235039590883711,0.7929935144103605
VCC-H1,Residual,10,11,0.1431603102081294,0.2235039590883711,0.7929935144103605
VCC-H1,Residual,10,12,0.1311894936688999,0.2235039590883711,0.7929935144103605
VCC-H1,Residual,10,13,0.1206241978253024,0.2235039590883711,0.7929935144103605
VCC-H1,Residual,10,14,0.1094780673539087,0.2235039590883711,0.7929935144103605
VCC-H1,Residual,10,15,0.0976161413154759,0.2235039590883711,0.7929935144103605
VCC-H1,Residual,10,16,0.0849399107735919,0.2235039590883711,0.7929935144103605
VCC-H1,Residual,10,17,0.0729980857640468,0.2235039590883711,0.7929935144103605
VCC-H1,Residual,10,18,0.0619566450117459,0.2235039590883711,0.7929935144103605
VCC-H1,Residual,10,19,0.0526479852351017,0.2235039590883711,0.7929935144103605
VCC-H1,Residual,10,20,0.0380384154728842,0.2235039590883711,0.7929935144103605
VCC-H1,Residual,11,1,0.473345594535064,0.2235039590883711,0.7929935144103605
VCC-H1,Residual,11,2,0.3434450757449394,0.2235039590883711,0.7929935144103605
VCC-H1,Residual,11,3,0.2814221700474579,0.2235039590883711,0.7929935144103605
VCC-H1,Residual,11,4,0.238159346899531,0.2235039590883711,0.7929935144103605
VCC-H1,Residual,11,5,0.2059023148705772,0.2235039590883711,0.7929935144103605
VCC-H1,Residual,11,6,0.1789218494442186,0.2235039590883711,0.7929935144103605
VCC-H1,Residual,11,7,0.1589204440589298,0.2235039590883711,0.7929935144103605
VCC-H1,Residual,11,8,0.1436487521912507,0.2235039590883711,0.7929935144103605
VCC-H1,Residual,11,9,0.1310359763881455,0.2235039590883711,0.7929935144103605
VCC-H1,Residual,11,10,0.117133727163845,0.2235039590883711,0.7929935144103605
VCC-H1,Residual,11,11,0.106942220940683,0.2235039590883711,0.7929935144103605
VCC-H1,Residual,11,12,0.0966943530564004,0.2235039590883711,0.7929935144103605
VCC-H1,Residual,11,13,0.0894456037949989,0.2235039590883711,0.7929935144103605
VCC-H1,Residual,11,14,0.0807133144001799,0.2235039590883711,0.7929935144103605
VCC-H1,Residual,11,15,0.0719779784413098,0.2235039590883711,0.7929935144103605
VCC-H1,Residual,11,16,0.064558980433998,0.2235039590883711,0.7929935144103605
VCC-H1,Residual,11,17,0.0546897839423846,0.2235039590883711,0.7929935144103605
VCC-H1,Residual,11,18,0.0460950972546927,0.2235039590883711,0.7929935144103605
VCC-H1,Residual,11,19,0.0384815950920245,0.2235039590883711,0.7929935144103605
VCC-H1,Residual,11,20,0.0285228296173097,0.2235039590883711,0.7929935144103605
VCC-H1,Residual,12,1,0.4175658939749512,0.2235039590883711,0.7929935144103605
VCC-H1,Residual,12,2,0.2906723633484792,0.2235039590883711,0.7929935144103605
VCC-H1,Residual,12,3,0.2337252722976698,0.2235039590883711,0.7929935144103605
VCC-H1,Residual,12,4,0.1909670147564161,0.2235039590883711,0.7929935144103605
VCC-H1,Residual,12,5,0.1604805424466877,0.2235039590883711,0.7929935144103605
VCC-H1,Residual,12,6,0.1410644044754195,0.2235039590883711,0.7929935144103605
VCC-H1,Residual,12,7,0.1214072162421374,0.2235039590883711,0.7929935144103605
VCC-H1,Residual,12,8,0.109929413856767,0.2235039590883711,0.7929935144103605
VCC-H1,Residual,12,9,0.1003035251690775,0.2235039590883711,0.7929935144103605
VCC-H1,Residual,12,10,0.0889350642848154,0.2235039590883711,0.7929935144103605
VCC-H1,Residual,12,11,0.081160404953125,0.2235039590883711,0.7929935144103605
VCC-H1,Residual,12,12,0.0734213886502352,0.2235039590883711,0.7929935144103605
VCC-H1,Residual,12,13,0.0642872641071904,0.2235039590883711,0.7929935144103605
VCC-H1,Residual,12,14,0.0585991140121025,0.2235039590883711,0.7929935144103605
VCC-H1,Residual,12,15,0.0522444524017357,0.2235039590883711,0.7929935144103605
VCC-H1,Residual,12,16,0.0465115377172474,0.2235039590883711,0.7929935144103605
VCC-H1,Residual,12,17,0.0399158259195916,0.2235039590883711,0.7929935144103605
VCC-H1,Residual,12,18,0.0329671337193186,0.2235039590883711,0.7929935144103605
VCC-H1,Residual,12,19,0.0272854460535881,0.2235039590883711,0.7929935144103605
VCC-H1,Residual,12,20,0.0192126789366053,0.2235039590883711,0.7929935144103605
VCC-H1,Residual,13,1,0.3823907518879448,0.2235039590883711,0.7929935144103605
VCC-H1,Residual,13,2,0.2490397777279278,0.2235039590883711,0.7929935144103605
VCC-H1,Residual,13,3,0.1916183939119291,0.2235039590883711,0.7929935144103605
VCC-H1,Residual,13,4,0.1534887645716785,0.2235039590883711,0.7929935144103605
VCC-H1,Residual,13,5,0.1273321769749247,0.2235039590883711,0.7929935144103605
VCC-H1,Residual,13,6,0.1065186866477065,0.2235039590883711,0.7929935144103605
VCC-H1,Residual,13,7,0.0900072280712765,0.2235039590883711,0.7929935144103605
VCC-H1,Residual,13,8,0.0803665840302512,0.2235039590883711,0.7929935144103605
VCC-H1,Residual,13,9,0.0730094909260942,0.2235039590883711,0.7929935144103605
VCC-H1,Residual,13,10,0.0650195039600956,0.2235039590883711,0.7929935144103605
VCC-H1,Residual,13,11,0.0581241541907312,0.2235039590883711,0.7929935144103605
VCC-H1,Residual,13,12,0.0530118544038072,0.2235039590883711,0.7929935144103605
VCC-H1,Residual,13,13,0.0474528875644592,0.2235039590883711,0.7929935144103605
VCC-H1,Residual,13,14,0.0419992760119391,0.2235039590883711,0.7929935144103605
VCC-H1,Residual,13,15,0.0365487687451931,0.2235039590883711,0.7929935144103605
VCC-H1,Residual,13,16,0.0306575766609658,0.2235039590883711,0.7929935144103605
VCC-H1,Residual,13,17,0.0275688812766699,0.2235039590883711,0.7929935144103605
VCC-H1,Residual,13,18,0.0225106381309525,0.2235039590883711,0.7929935144103605
VCC-H1,Residual,13,19,0.0186860940695296,0.2235039590883711,0.7929935144103605
VCC-H1,Residual,13,20,0.0119019294033964,0.2235039590883711,0.7929935144103605
VCC-H1,Residual,14,1,0.2890372852801604,0.2235039590883711,0.7929935144103605
VCC-H1,Residual,14,2,0.1788823828569262,0.2235039590883711,0.7929935144103605
VCC-H1,Residual,14,3,0.1321138417875382,0.2235039590883711,0.7929935144103605
VCC-H1,Residual,14,4,0.1046744546398305,0.2235039590883711,0.7929935144103605
VCC-H1,Residual,14,5,0.0807542816514048,0.2235039590883711,0.7929935144103605
VCC-H1,Residual,14,6,0.0674417028679772,0.2235039590883711,0.7929935144103605
VCC-H1,Residual,14,7,0.0574462523339557,0.2235039590883711,0.7929935144103605
VCC-H1,Residual,14,8,0.0506607932049854,0.2235039590883711,0.7929935144103605
VCC-H1,Residual,14,9,0.0439664778838435,0.2235039590883711,0.7929935144103605
VCC-H1,Residual,14,10,0.0375183684227073,0.2235039590883711,0.7929935144103605
VCC-H1,Residual,14,11,0.0348404703828192,0.2235039590883711,0.7929935144103605
VCC-H1,Residual,14,12,0.0315693134762683,0.2235039590883711,0.7929935144103605
VCC-H1,Residual,14,13,0.0282435814474496,0.2235039590883711,0.7929935144103605
VCC-H1,Residual,14,14,0.0251813089427054,0.2235039590883711,0.7929935144103605
VCC-H1,Residual,14,15,0.0218842231410624,0.2235039590883711,0.7929935144103605
VCC-H1,Residual,14,16,0.0179989257603246,0.2235039590883711,0.7929935144103605
VCC-H1,Residual,14,17,0.0149556431510695,0.2235039590883711,0.7929935144103605
VCC-H1,Residual,14,18,0.0135998096224352,0.2235039590883711,0.7929935144103605
VCC-H1,Residual,14,19,0.0113804936218285,0.2235039590883711,0.7929935144103605
VCC-H1,Residual,14,20,0.0072959952719418,0.2235039590883711,0.7929935144103605
VCC-H1,Residual,15,1,0.2079740842101418,0.2235039590883711,0.7929935144103605
VCC-H1,Residual,15,2,0.1158433222128523,0.2235039590883711,0.7929935144103605
VCC-H1,Residual,15,3,0.0831010443831083,0.2235039590883711,0.7929935144103605
VCC-H1,Residual,15,4,0.0634986207742556,0.2235039590883711,0.7929935144103605
VCC-H1,Residual,15,5,0.0499311032963179,0.2235039590883711,0.7929935144103605
VCC-H1,Residual,15,6,0.039956566240585,0.2235039590883711,0.7929935144103605
VCC-H1,Residual,15,7,0.0335647702132333,0.2235039590883711,0.7929935144103605
VCC-H1,Residual,15,8,0.0297609532476634,0.2235039590883711,0.7929935144103605
VCC-H1,Residual,15,9,0.0240095371837718,0.2235039590883711,0.7929935144103605
VCC-H1,Residual,15,10,0.0212227078243402,0.2235039590883711,0.7929935144103605
VCC-H1,Residual,15,11,0.0187640547898824,0.2235039590883711,0.7929935144103605
VCC-H1,Residual,15,12,0.0172449411346293,0.2235039590883711,0.7929935144103605
VCC-H1,Residual,15,13,0.0158441362141015,0.2235039590883711,0.7929935144103605
VCC-H1,Residual,15,14,0.014254059906171,0.2235039590883711,0.7929935144103605
VCC-H1,Residual,15,15,0.0131455970653928,0.2235039590883711,0.7929935144103605
VCC-H1,Residual,15,16,0.0111165018534146,0.2235039590883711,0.7929935144103605
VCC-H1,Residual,15,17,0.0093671960518202,0.2235039590883711,0.7929935144103605
VCC-H1,Residual,15,18,0.0085797258353861,0.2235039590883711,0.7929935144103605
VCC-H1,Residual,15,19,0.0064780962134319,0.2235039590883711,0.7929935144103605
VCC-H1,Residual,15,20,0.0051640594354572,0.2235039590883711,0.7929935144103605
VCC-H1,Residual,16,1,0.1363581405087676,0.2235039590883711,0.7929935144103605
VCC-H1,Residual,16,2,0.0665676641022751,0.2235039590883711,0.7929935144103605
VCC-H1,Residual,16,3,0.0458870933479811,0.2235039590883711,0.7929935144103605
VCC-H1,Residual,16,4,0.0330165562396474,0.2235039590883711,0.7929935144103605
VCC-H1,Residual,16,5,0.0264418801035877,0.2235039590883711,0.7929935144103605
VCC-H1,Residual,16,6,0.0214414764518324,0.2235039590883711,0.7929935144103605
VCC-H1,Residual,16,7,0.0174143876676999,0.2235039590883711,0.7929935144103605
VCC-H1,Residual,16,8,0.0146734737106365,0.2235039590883711,0.7929935144103605
VCC-H1,Residual,16,9,0.0126238579831375,0.2235039590883711,0.7929935144103605
VCC-H1,Residual,16,10,0.0118111444686371,0.2235039590883711,0.7929935144103605
VCC-H1,Residual,16,11,0.0099963077208464,0.2235039590883711,0.7929935144103605
VCC-H1,Residual,16,12,0.0088351377735489,0.2235039590883711,0.7929935144103605
VCC-H1,Residual,16,13,0.0078632550379447,0.2235039590883711,0.7929935144103605
VCC-H1,Residual,16,14,0.0072904696154268,0.2235039590883711,0.7929935144103605
VCC-H1,Residual,16,15,0.0066770040638287,0.2235039590883711,0.7929935144103605
VCC-H1,Residual,16,16,0.0055677226345326,0.2235039590883711,0.7929935144103605
VCC-H1,Residual,16,17,0.0047549360076341,0.2235039590883711,0.7929935144103605
VCC-H1,Residual,16,18,0.0039116627366377,0.2235039590883711,0.7929935144103605
VCC-H1,Residual,16,19,0.0033694449586714,0.2235039590883711,0.7929935144103605
VCC-H1,Residual,16,20,0.0024693565342914,0.2235039590883711,0.7929935144103605
VCC-H1,Residual,17,1,0.074628375759118,0.2235039590883711,0.7929935144103605
VCC-H1,Residual,17,2,0.0333892051792591,0.2235039590883711,0.7929935144103605
VCC-H1,Residual,17,3,0.0234029808202886,0.2235039590883711,0.7929935144103605
VCC-H1,Residual,17,4,0.0160501115485918,0.2235039590883711,0.7929935144103605
VCC-H1,Residual,17,5,0.0120566615620214,0.2235039590883711,0.7929935144103605
VCC-H1,Residual,17,6,0.0097725906595409,0.2235039590883711,0.7929935144103605
VCC-H1,Residual,17,7,0.0083749706339228,0.2235039590883711,0.7929935144103605
VCC-H1,Residual,17,8,0.0070629075329558,0.2235039590883711,0.7929935144103605
VCC-H1,Residual,17,9,0.0068534215564656,0.2235039590883711,0.7929935144103605
VCC-H1,Residual,17,10,0.0062718932277632,0.2235039590883711,0.7929935144103605
VCC-H1,Residual,17,11,0.0052781729480553,0.2235039590883711,0.7929935144103605
VCC-H1,Residual,17,12,0.0048931977113471,0.2235039590883711,0.7929935144103605
VCC-H1,Residual,17,13,0.00433558753993,0.2235039590883711,0.7929935144103605
VCC-H1,Residual,17,14,0.0042826514085673,0.2235039590883711,0.7929935144103605
VCC-H1,Residual,17,15,0.0034169547609209,0.2235039590883711,0.7929935144103605
VCC-H1,Residual,17,16,0.0030539795361551,0.2235039590883711,0.7929935144103605
VCC-H1,Residual,17,17,0.0025460305754737,0.2235039590883711,0.7929935144103605
VCC-H1,Residual,17,18,0.0020126866074962,0.2235039590883711,0.7929935144103605
VCC-H1,Residual,17,19,0.0015781210501449,0.2235039590883711,0.7929935144103605
VCC-H1,Residual,17,20,0.0014570552147239,0.2235039590883711,0.7929935144103605
VCC-H1,Residual,18,1,0.0359525920187295,0.2235039590883711,0.7929935144103605
VCC-H1,Residual,18,2,0.0163332016367224,0.2235039590883711,0.7929935144103605
VCC-H1,Residual,18,3,0.0119085765812489,0.2235039590883711,0.7929935144103605
VCC-H1,Residual,18,4,0.0082422650035851,0.2235039590883711,0.7929935144103605
VCC-H1,Residual,18,5,0.0069482139163348,0.2235039590883711,0.7929935144103605
VCC-H1,Residual,18,6,0.0055996188126846,0.2235039590883711,0.7929935144103605
VCC-H1,Residual,18,7,0.0042453194490208,0.2235039590883711,0.7929935144103605
VCC-H1,Residual,18,8,0.0036113851209371,0.2235039590883711,0.7929935144103605
VCC-H1,Residual,18,9,0.0035176360835324,0.2235039590883711,0.7929935144103605
VCC-H1,Residual,18,10,0.0029588448602628,0.2235039590883711,0.7929935144103605
VCC-H1,Residual,18,11,0.0031257058527154,0.2235039590883711,0.7929935144103605
VCC-H1,Residual,18,12,0.0027884194192904,0.2235039590883711,0.7929935144103605
VCC-H1,Residual,18,13,0.0026810121578499,0.2235039590883711,0.7929935144103605
VCC-H1,Residual,18,14,0.0024304271016826,0.2235039590883711,0.7929935144103605
VCC-H1,Residual,18,15,0.0020007915071753,0.2235039590883711,0.7929935144103605
VCC-H1,Residual,18,16,0.0017894628109979,0.2235039590883711,0.7929935144103605
VCC-H1,Residual,18,17,0.0013992446022926,0.2235039590883711,0.7929935144103605
VCC-H1,Residual,18,18,0.0011777197391406,0.2235039590883711,0.7929935144103605
VCC-H1,Residual,18,19,0.0008896280838288,0.2235039590883711,0.7929935144103605
VCC-H1,Residual,18,20,0.0011383776414451,0.2235039590883711,0.7929935144103605
VCC-H1,Residual,19,1,0.0194739846688796,0.2235039590883711,0.7929935144103605
VCC-H1,Residual,19,2,0.0097589478922033,0.2235039590883711,0.7929935144103605
VCC-H1,Residual,19,3,0.00671969507558,0.2235039590883711,0.7929935144103605
VCC-H1,Residual,19,4,0.0047472170691364,0.2235039590883711,0.7929935144103605
VCC-H1,Residual,19,5,0.0044732709316498,0.2235039590883711,0.7929935144103605
VCC-H1,Residual,19,6,0.0040905727559745,0.2235039590883711,0.7929935144103605
VCC-H1,Residual,19,7,0.0031427029778747,0.2235039590883711,0.7929935144103605
VCC-H1,Residual,19,8,0.0030899342622807,0.2235039590883711,0.7929935144103605
VCC-H1,Residual,19,9,0.0027747222503548,0.2235039590883711,0.7929935144103605
VCC-H1,Residual,19,10,0.0023078956827147,0.2235039590883711,0.7929935144103605
VCC-H1,Residual,19,11,0.0019634555174014,0.2235039590883711,0.7929935144103605
VCC-H1,Residual,19,12,0.0018628726659631,0.2235039590883711,0.7929935144103605
VCC-H1,Residual,19,13,0.0017673880886005,0.2235039590883711,0.7929935144103605
VCC-H1,Residual,19,14,0.0017061058105724,0.2235039590883711,0.7929935144103605
VCC-H1,Residual,19,15,0.0014350060556203,0.2235039590883711,0.7929935144103605
VCC-H1,Residual,19,16,0.0013600175733136,0.2235039590883711,0.7929935144103605
VCC-H1,Residual,19,17,0.0008878881886834,0.2235039590883711,0.7929935144103605
VCC-H1,Residual,19,18,0.0009662576687116,0.2235039590883711,0.7929935144103605
VCC-H1,Residual,19,19,0.0008520976722083,0.2235039590883711,0.7929935144103605
VCC-H1,Residual,19,20,0.0006237218813905,0.2235039590883711,0.7929935144103605
VCC-H1,Residual,20,1,0.0102601628596549,0.2235039590883711,0.7929935144103605
VCC-H1,Residual,20,2,0.0050668659574598,0.2235039590883711,0.7929935144103605
VCC-H1,Residual,20,3,0.0044766865056537,0.2235039590883711,0.7929935144103605
VCC-H1,Residual,20,4,0.0026261084915032,0.2235039590883711,0.7929935144103605
VCC-H1,Residual,20,5,0.0024493120930138,0.2235039590883711,0.7929935144103605
VCC-H1,Residual,20,6,0.0022127980328041,0.2235039590883711,0.7929935144103605
VCC-H1,Residual,20,7,0.0020250708166346,0.2235039590883711,0.7929935144103605
VCC-H1,Residual,20,8,0.0019075857268185,0.2235039590883711,0.7929935144103605
VCC-H1,Residual,20,9,0.0016499651138634,0.2235039590883711,0.7929935144103605
VCC-H1,Residual,20,10,0.0012186253622842,0.2235039590883711,0.7929935144103605
VCC-H1,Residual,20,11,0.001244129893683,0.2235039590883711,0.7929935144103605
VCC-H1,Residual,20,12,0.0011691312340993,0.2235039590883711,0.7929935144103605
VCC-H1,Residual,20,13,0.0009356397734322,0.2235039590883711,0.7929935144103605
VCC-H1,Residual,20,14,0.0009612216189613,0.2235039590883711,0.7929935144103605
VCC-H1,Residual,20,15,0.0007481614567743,0.2235039590883711,0.7929935144103605
VCC-H1,Residual,20,16,0.0006390994049206,0.2235039590883711,0.7929935144103605
VCC-H1,Residual,20,17,0.0006919131973194,0.2235039590883711,0.7929935144103605
VCC-H1,Residual,20,18,0.0004925162339461,0.2235039590883711,0.7929935144103605
VCC-H1,Residual,20,19,0.0005794137695978,0.2235039590883711,0.7929935144103605
VCC-H1,Residual,20,20,0.0002965235173824,0.2235039590883711,0.7929935144103605
Nadig-HepG2,Total,1,1,0.903009596581511,0.119515456519672,
Nadig-HepG2,Total,1,2,0.8346242780256897,0.119515456519672,
Nadig-HepG2,Total,1,3,0.7600453539236968,0.119515456519672,
Nadig-HepG2,Total,1,4,0.7011483778554755,0.119515456519672,
Nadig-HepG2,Total,1,5,0.6634720703014088,0.119515456519672,
Nadig-HepG2,Total,1,6,0.6040572989842993,0.119515456519672,
Nadig-HepG2,Total,1,7,0.5812590652128516,0.119515456519672,
Nadig-HepG2,Total,1,8,0.5450472137216369,0.119515456519672,
Nadig-HepG2,Total,1,9,0.5061927287841512,0.119515456519672,
Nadig-HepG2,Total,1,10,0.4651142577819392,0.119515456519672,
Nadig-HepG2,Total,1,11,0.4327729390765909,0.119515456519672,
Nadig-HepG2,Total,1,12,0.4014395437756212,0.119515456519672,
Nadig-HepG2,Total,1,13,0.3695806145405521,0.119515456519672,
Nadig-HepG2,Total,1,14,0.3409937460492895,0.119515456519672,
Nadig-HepG2,Total,1,15,0.3088896284945429,0.119515456519672,
Nadig-HepG2,Total,1,16,0.2792808059534239,0.119515456519672,
Nadig-HepG2,Total,1,17,0.2479862024167896,0.119515456519672,
Nadig-HepG2,Total,1,18,0.212896954865555,0.119515456519672,
Nadig-HepG2,Total,1,19,0.1710194324243395,0.119515456519672,
Nadig-HepG2,Total,1,20,0.1307381419299423,0.119515456519672,
Nadig-HepG2,Total,2,1,0.8459164118547369,0.119515456519672,
Nadig-HepG2,Total,2,2,0.7408745788397926,0.119515456519672,
Nadig-HepG2,Total,2,3,0.6430128531298688,0.119515456519672,
Nadig-HepG2,Total,2,4,0.5663110611486937,0.119515456519672,
Nadig-HepG2,Total,2,5,0.5080506620572277,0.119515456519672,
Nadig-HepG2,Total,2,6,0.4528192816263264,0.119515456519672,
Nadig-HepG2,Total,2,7,0.4109643844331339,0.119515456519672,
Nadig-HepG2,Total,2,8,0.3699161442152806,0.119515456519672,
Nadig-HepG2,Total,2,9,0.3384203922455229,0.119515456519672,
Nadig-HepG2,Total,2,10,0.3023781286773301,0.119515456519672,
Nadig-HepG2,Total,2,11,0.2741176727130117,0.119515456519672,
Nadig-HepG2,Total,2,12,0.2448688469382398,0.119515456519672,
Nadig-HepG2,Total,2,13,0.2167783094966955,0.119515456519672,
Nadig-HepG2,Total,2,14,0.1958927706164159,0.119515456519672,
Nadig-HepG2,Total,2,15,0.1724761550998313,0.119515456519672,
Nadig-HepG2,Total,2,16,0.1544665177519014,0.119515456519672,
Nadig-HepG2,Total,2,17,0.132467926705297,0.119515456519672,
Nadig-HepG2,Total,2,18,0.111823448735901,0.119515456519672,
Nadig-HepG2,Total,2,19,0.0899803292019148,0.119515456519672,
Nadig-HepG2,Total,2,20,0.0612473311503319,0.119515456519672,
Nadig-HepG2,Total,3,1,0.8259522528455198,0.119515456519672,
Nadig-HepG2,Total,3,2,0.6967591304336979,0.119515456519672,
Nadig-HepG2,Total,3,3,0.5743371046639144,0.119515456519672,
Nadig-HepG2,Total,3,4,0.4865340274372151,0.119515456519672,
Nadig-HepG2,Total,3,5,0.4166724784876365,0.119515456519672,
Nadig-HepG2,Total,3,6,0.3627857406956275,0.119515456519672,
Nadig-HepG2,Total,3,7,0.3200290944826923,0.119515456519672,
Nadig-HepG2,Total,3,8,0.2774009082401399,0.119515456519672,
Nadig-HepG2,Total,3,9,0.2438930868356457,0.119515456519672,
Nadig-HepG2,Total,3,10,0.215818813654748,0.119515456519672,
Nadig-HepG2,Total,3,11,0.1917385828499321,0.119515456519672,
Nadig-HepG2,Total,3,12,0.1694025568385407,0.119515456519672,
Nadig-HepG2,Total,3,13,0.1468866257942659,0.119515456519672,
Nadig-HepG2,Total,3,14,0.134928972344522,0.119515456519672,
Nadig-HepG2,Total,3,15,0.1197457773942984,0.119515456519672,
Nadig-HepG2,Total,3,16,0.105898053456122,0.119515456519672,
Nadig-HepG2,Total,3,17,0.0906908181264889,0.119515456519672,
Nadig-HepG2,Total,3,18,0.076250894529259,0.119515456519672,
Nadig-HepG2,Total,3,19,0.0613426128550613,0.119515456519672,
Nadig-HepG2,Total,3,20,0.0452551821376727,0.119515456519672,
Nadig-HepG2,Total,4,1,0.8085398499676886,0.119515456519672,
Nadig-HepG2,Total,4,2,0.6603935641676176,0.119515456519672,
Nadig-HepG2,Total,4,3,0.5342402533665758,0.119515456519672,
Nadig-HepG2,Total,4,4,0.4419907903178417,0.119515456519672,
Nadig-HepG2,Total,4,5,0.3680775397071119,0.119515456519672,
Nadig-HepG2,Total,4,6,0.3129120194761451,0.119515456519672,
Nadig-HepG2,Total,4,7,0.2691015602904734,0.119515456519672,
Nadig-HepG2,Total,4,8,0.2301136702490009,0.119515456519672,
Nadig-HepG2,Total,4,9,0.1968422908203916,0.119515456519672,
Nadig-HepG2,Total,4,10,0.1737990048488978,0.119515456519672,
Nadig-HepG2,Total,4,11,0.1520385433241432,0.119515456519672,
Nadig-HepG2,Total,4,12,0.1320761078829474,0.119515456519672,
Nadig-HepG2,Total,4,13,0.1148322224798392,0.119515456519672,
Nadig-HepG2,Total,4,14,0.1022758726324484,0.119515456519672,
Nadig-HepG2,Total,4,15,0.0877917274315249,0.119515456519672,
Nadig-HepG2,Total,4,16,0.077072384994181,0.119515456519672,
Nadig-HepG2,Total,4,17,0.0668900079686229,0.119515456519672,
Nadig-HepG2,Total,4,18,0.0552770140400085,0.119515456519672,
Nadig-HepG2,Total,4,19,0.0461915011983444,0.119515456519672,
Nadig-HepG2,Total,4,20,0.0340405449286528,0.119515456519672,
Nadig-HepG2,Total,5,1,0.7696260997274699,0.119515456519672,
Nadig-HepG2,Total,5,2,0.6033780367219385,0.119515456519672,
Nadig-HepG2,Total,5,3,0.4739422605873208,0.119515456519672,
Nadig-HepG2,Total,5,4,0.3802101873056069,0.119515456519672,
Nadig-HepG2,Total,5,5,0.3107468559030374,0.119515456519672,
Nadig-HepG2,Total,5,6,0.2554816672579916,0.119515456519672,
Nadig-HepG2,Total,5,7,0.2169533649043486,0.119515456519672,
Nadig-HepG2,Total,5,8,0.1870701619867734,0.119515456519672,
Nadig-HepG2,Total,5,9,0.1614951965586853,0.119515456519672,
Nadig-HepG2,Total,5,10,0.1426062034388915,0.119515456519672,
Nadig-HepG2,Total,5,11,0.1224924524796912,0.119515456519672,
Nadig-HepG2,Total,5,12,0.1056654604350528,0.119515456519672,
Nadig-HepG2,Total,5,13,0.0922623967889979,0.119515456519672,
Nadig-HepG2,Total,5,14,0.0816360512008381,0.119515456519672,
Nadig-HepG2,Total,5,15,0.0696093223750932,0.119515456519672,
Nadig-HepG2,Total,5,16,0.059915960508275,0.119515456519672,
Nadig-HepG2,Total,5,17,0.0509815524985963,0.119515456519672,
Nadig-HepG2,Total,5,18,0.0447216942302878,0.119515456519672,
Nadig-HepG2,Total,5,19,0.0365233504275848,0.119515456519672,
Nadig-HepG2,Total,5,20,0.0278651435606797,0.119515456519672,
Nadig-HepG2,Total,6,1,0.7487539119824644,0.119515456519672,
Nadig-HepG2,Total,6,2,0.5440179129776194,0.119515456519672,
Nadig-HepG2,Total,6,3,0.4074323682638232,0.119515456519672,
Nadig-HepG2,Total,6,4,0.3145761654446443,0.119515456519672,
Nadig-HepG2,Total,6,5,0.2495677519269142,0.119515456519672,
Nadig-HepG2,Total,6,6,0.2051381800200468,0.119515456519672,
Nadig-HepG2,Total,6,7,0.169476547460063,0.119515456519672,
Nadig-HepG2,Total,6,8,0.1426663894240231,0.119515456519672,
Nadig-HepG2,Total,6,9,0.1232071439578234,0.119515456519672,
Nadig-HepG2,Total,6,10,0.1048265344230849,0.119515456519672,
Nadig-HepG2,Total,6,11,0.0914818280760279,0.119515456519672,
Nadig-HepG2,Total,6,12,0.0795841466580459,0.119515456519672,
Nadig-HepG2,Total,6,13,0.0678546581383004,0.119515456519672,
Nadig-HepG2,Total,6,14,0.0580740961618927,0.119515456519672,
Nadig-HepG2,Total,6,15,0.0514426334838722,0.119515456519672,
Nadig-HepG2,Total,6,16,0.0444026790841812,0.119515456519672,
Nadig-HepG2,Total,6,17,0.0383503817364963,0.119515456519672,
Nadig-HepG2,Total,6,18,0.0326861434202272,0.119515456519672,
Nadig-HepG2,Total,6,19,0.0280603405283367,0.119515456519672,
Nadig-HepG2,Total,6,20,0.0215519132064882,0.119515456519672,
Nadig-HepG2,Total,7,1,0.6646005614352193,0.119515456519672,
Nadig-HepG2,Total,7,2,0.4467146742923534,0.119515456519672,
Nadig-HepG2,Total,7,3,0.3255914808314067,0.119515456519672,
Nadig-HepG2,Total,7,4,0.2446367369283861,0.119515456519672,
Nadig-HepG2,Total,7,5,0.1946609191862881,0.119515456519672,
Nadig-HepG2,Total,7,6,0.16139483767628,0.119515456519672,
Nadig-HepG2,Total,7,7,0.1317382746585493,0.119515456519672,
Nadig-HepG2,Total,7,8,0.1073407327340432,0.119515456519672,
Nadig-HepG2,Total,7,9,0.0938086533485824,0.119515456519672,
Nadig-HepG2,Total,7,10,0.0826556708971014,0.119515456519672,
Nadig-HepG2,Total,7,11,0.0714172913154165,0.119515456519672,
Nadig-HepG2,Total,7,12,0.0610993992268243,0.119515456519672,
Nadig-HepG2,Total,7,13,0.0545420243721686,0.119515456519672,
Nadig-HepG2,Total,7,14,0.0480887008180414,0.119515456519672,
Nadig-HepG2,Total,7,15,0.0414260832463111,0.119515456519672,
Nadig-HepG2,Total,7,16,0.0368857201204979,0.119515456519672,
Nadig-HepG2,Total,7,17,0.0320478750407678,0.119515456519672,
Nadig-HepG2,Total,7,18,0.0268434190273247,0.119515456519672,
Nadig-HepG2,Total,7,19,0.0230100750103338,0.119515456519672,
Nadig-HepG2,Total,7,20,0.0160866320230386,0.119515456519672,
Nadig-HepG2,Total,8,1,0.5915183120344365,0.119515456519672,
Nadig-HepG2,Total,8,2,0.3787303144655505,0.119515456519672,
Nadig-HepG2,Total,8,3,0.2665347336158352,0.119515456519672,
Nadig-HepG2,Total,8,4,0.2009437504102434,0.119515456519672,
Nadig-HepG2,Total,8,5,0.1585301217402426,0.119515456519672,
Nadig-HepG2,Total,8,6,0.1293847036807031,0.119515456519672,
Nadig-HepG2,Total,8,7,0.1040666501576661,0.119515456519672,
Nadig-HepG2,Total,8,8,0.0869541307436276,0.119515456519672,
Nadig-HepG2,Total,8,9,0.0724997272046413,0.119515456519672,
Nadig-HepG2,Total,8,10,0.0629271198845351,0.119515456519672,
Nadig-HepG2,Total,8,11,0.0550821304713578,0.119515456519672,
Nadig-HepG2,Total,8,12,0.0482304083668445,0.119515456519672,
Nadig-HepG2,Total,8,13,0.041267285429031,0.119515456519672,
Nadig-HepG2,Total,8,14,0.0349055144148112,0.119515456519672,
Nadig-HepG2,Total,8,15,0.0291390559603066,0.119515456519672,
Nadig-HepG2,Total,8,16,0.025754013098584,0.119515456519672,
Nadig-HepG2,Total,8,17,0.0220082296874578,0.119515456519672,
Nadig-HepG2,Total,8,18,0.0190919602277532,0.119515456519672,
Nadig-HepG2,Total,8,19,0.0155367860116529,0.119515456519672,
Nadig-HepG2,Total,8,20,0.0128926541530078,0.119515456519672,
Nadig-HepG2,Total,9,1,0.5170840435827648,0.119515456519672,
Nadig-HepG2,Total,9,2,0.2926137091818994,0.119515456519672,
Nadig-HepG2,Total,9,3,0.2016157457159146,0.119515456519672,
Nadig-HepG2,Total,9,4,0.1541028474308154,0.119515456519672,
Nadig-HepG2,Total,9,5,0.1220219690512198,0.119515456519672,
Nadig-HepG2,Total,9,6,0.0987422950633118,0.119515456519672,
Nadig-HepG2,Total,9,7,0.0793689308505169,0.119515456519672,
Nadig-HepG2,Total,9,8,0.0653608200599807,0.119515456519672,
Nadig-HepG2,Total,9,9,0.0547870307312864,0.119515456519672,
Nadig-HepG2,Total,9,10,0.047468438643847,0.119515456519672,
Nadig-HepG2,Total,9,11,0.0412416629713622,0.119515456519672,
Nadig-HepG2,Total,9,12,0.0367477106787803,0.119515456519672,
Nadig-HepG2,Total,9,13,0.0326460611532972,0.119515456519672,
Nadig-HepG2,Total,9,14,0.029316504012027,0.119515456519672,
Nadig-HepG2,Total,9,15,0.0246344572716343,0.119515456519672,
Nadig-HepG2,Total,9,16,0.0208285476887225,0.119515456519672,
Nadig-HepG2,Total,9,17,0.0180993794065383,0.119515456519672,
Nadig-HepG2,Total,9,18,0.0146868128995662,0.119515456519672,
Nadig-HepG2,Total,9,19,0.0138564348269912,0.119515456519672,
Nadig-HepG2,Total,9,20,0.01137796668082,0.119515456519672,
Nadig-HepG2,Total,10,1,0.4146058330584486,0.119515456519672,
Nadig-HepG2,Total,10,2,0.2206421829659992,0.119515456519672,
Nadig-HepG2,Total,10,3,0.1524770827024579,0.119515456519672,
Nadig-HepG2,Total,10,4,0.1166093538377499,0.119515456519672,
Nadig-HepG2,Total,10,5,0.0878030589571707,0.119515456519672,
Nadig-HepG2,Total,10,6,0.0724026953681295,0.119515456519672,
Nadig-HepG2,Total,10,7,0.0579326095802951,0.119515456519672,
Nadig-HepG2,Total,10,8,0.0460617229280933,0.119515456519672,
Nadig-HepG2,Total,10,9,0.0407664175023074,0.119515456519672,
Nadig-HepG2,Total,10,10,0.0356535296240248,0.119515456519672,
Nadig-HepG2,Total,10,11,0.0305036128454471,0.119515456519672,
Nadig-HepG2,Total,10,12,0.0259066817191649,0.119515456519672,
Nadig-HepG2,Total,10,13,0.0220999199058199,0.119515456519672,
Nadig-HepG2,Total,10,14,0.0190930144348226,0.119515456519672,
Nadig-HepG2,Total,10,15,0.0163793929404919,0.119515456519672,
Nadig-HepG2,Total,10,16,0.014876138855129,0.119515456519672,
Nadig-HepG2,Total,10,17,0.0125485554189469,0.119515456519672,
Nadig-HepG2,Total,10,18,0.0110913940927457,0.119515456519672,
Nadig-HepG2,Total,10,19,0.0097826225260707,0.119515456519672,
Nadig-HepG2,Total,10,20,0.0071784549049337,0.119515456519672,
Nadig-HepG2,Total,11,1,0.3504961277160965,0.119515456519672,
Nadig-HepG2,Total,11,2,0.1645935457449015,0.119515456519672,
Nadig-HepG2,Total,11,3,0.1077702359427541,0.119515456519672,
Nadig-HepG2,Total,11,4,0.0806260377560947,0.119515456519672,
Nadig-HepG2,Total,11,5,0.0623935501645421,0.119515456519672,
Nadig-HepG2,Total,11,6,0.0496260960944966,0.119515456519672,
Nadig-HepG2,Total,11,7,0.0380339607613577,0.119515456519672,
Nadig-HepG2,Total,11,8,0.0317915723270429,0.119515456519672,
Nadig-HepG2,Total,11,9,0.028966839762297,0.119515456519672,
Nadig-HepG2,Total,11,10,0.0244965454769375,0.119515456519672,
Nadig-HepG2,Total,11,11,0.0206766915547302,0.119515456519672,
Nadig-HepG2,Total,11,12,0.017259987663391,0.119515456519672,
Nadig-HepG2,Total,11,13,0.0154128866042366,0.119515456519672,
Nadig-HepG2,Total,11,14,0.0139925291742429,0.119515456519672,
Nadig-HepG2,Total,11,15,0.0117408593565498,0.119515456519672,
Nadig-HepG2,Total,11,16,0.0104440102803603,0.119515456519672,
Nadig-HepG2,Total,11,17,0.0088937861947047,0.119515456519672,
Nadig-HepG2,Total,11,18,0.0080350212352614,0.119515456519672,
Nadig-HepG2,Total,11,19,0.0069985117653053,0.119515456519672,
Nadig-HepG2,Total,11,20,0.0057375578979953,0.119515456519672,
Nadig-HepG2,Total,12,1,0.2828410489882919,0.119515456519672,
Nadig-HepG2,Total,12,2,0.12299654999183,0.119515456519672,
Nadig-HepG2,Total,12,3,0.0784791470513573,0.119515456519672,
Nadig-HepG2,Total,12,4,0.0579444210951444,0.119515456519672,
Nadig-HepG2,Total,12,5,0.0436602176942075,0.119515456519672,
Nadig-HepG2,Total,12,6,0.035482534143829,0.119515456519672,
Nadig-HepG2,Total,12,7,0.0276427041212795,0.119515456519672,
Nadig-HepG2,Total,12,8,0.0216691415919875,0.119515456519672,
Nadig-HepG2,Total,12,9,0.0199264676601871,0.119515456519672,
Nadig-HepG2,Total,12,10,0.0175942227503004,0.119515456519672,
Nadig-HepG2,Total,12,11,0.0149687263546923,0.119515456519672,
Nadig-HepG2,Total,12,12,0.0128255202395737,0.119515456519672,
Nadig-HepG2,Total,12,13,0.0119556005906293,0.119515456519672,
Nadig-HepG2,Total,12,14,0.0109423032754269,0.119515456519672,
Nadig-HepG2,Total,12,15,0.0092936908948332,0.119515456519672,
Nadig-HepG2,Total,12,16,0.0078231298266811,0.119515456519672,
Nadig-HepG2,Total,12,17,0.0072294843350095,0.119515456519672,
Nadig-HepG2,Total,12,18,0.005800409674671,0.119515456519672,
Nadig-HepG2,Total,12,19,0.0048842848077717,0.119515456519672,
Nadig-HepG2,Total,12,20,0.0043651439328878,0.119515456519672,
Nadig-HepG2,Total,13,1,0.2281910390939841,0.119515456519672,
Nadig-HepG2,Total,13,2,0.0939556094584594,0.119515456519672,
Nadig-HepG2,Total,13,3,0.0580132086141738,0.119515456519672,
Nadig-HepG2,Total,13,4,0.0432710586421398,0.119515456519672,
Nadig-HepG2,Total,13,5,0.0315741108730164,0.119515456519672,
Nadig-HepG2,Total,13,6,0.0247911957888404,0.119515456519672,
Nadig-HepG2,Total,13,7,0.0191048952090329,0.119515456519672,
Nadig-HepG2,Total,13,8,0.0153060354749876,0.119515456519672,
Nadig-HepG2,Total,13,9,0.0132747262855359,0.119515456519672,
Nadig-HepG2,Total,13,10,0.0115049791410386,0.119515456519672,
Nadig-HepG2,Total,13,11,0.0100676133991412,0.119515456519672,
Nadig-HepG2,Total,13,12,0.0087599637739825,0.119515456519672,
Nadig-HepG2,Total,13,13,0.0082067647178412,0.119515456519672,
Nadig-HepG2,Total,13,14,0.0076097529299602,0.119515456519672,
Nadig-HepG2,Total,13,15,0.0064396590866904,0.119515456519672,
Nadig-HepG2,Total,13,16,0.0060289801061516,0.119515456519672,
Nadig-HepG2,Total,13,17,0.0052188273249273,0.119515456519672,
Nadig-HepG2,Total,13,18,0.0040732916268966,0.119515456519672,
Nadig-HepG2,Total,13,19,0.0033709379217113,0.119515456519672,
Nadig-HepG2,Total,13,20,0.0029308310145152,0.119515456519672,
Nadig-HepG2,Total,14,1,0.1613264365449982,0.119515456519672,
Nadig-HepG2,Total,14,2,0.0681008682743532,0.119515456519672,
Nadig-HepG2,Total,14,3,0.0420293791311187,0.119515456519672,
Nadig-HepG2,Total,14,4,0.029361324382031,0.119515456519672,
Nadig-HepG2,Total,14,5,0.0222314516069148,0.119515456519672,
Nadig-HepG2,Total,14,6,0.0180254704328811,0.119515456519672,
Nadig-HepG2,Total,14,7,0.014428510629997,0.119515456519672,
Nadig-HepG2,Total,14,8,0.0121243227711436,0.119515456519672,
Nadig-HepG2,Total,14,9,0.0107668325389274,0.119515456519672,
Nadig-HepG2,Total,14,10,0.0090645010998588,0.119515456519672,
Nadig-HepG2,Total,14,11,0.0079121239888891,0.119515456519672,
Nadig-HepG2,Total,14,12,0.0062178985522287,0.119515456519672,
Nadig-HepG2,Total,14,13,0.0052137051447129,0.119515456519672,
Nadig-HepG2,Total,14,14,0.0052103926136058,0.119515456519672,
Nadig-HepG2,Total,14,15,0.0046186252404884,0.119515456519672,
Nadig-HepG2,Total,14,16,0.0034072376358957,0.119515456519672,
Nadig-HepG2,Total,14,17,0.0031395221144133,0.119515456519672,
Nadig-HepG2,Total,14,18,0.002997467787429,0.119515456519672,
Nadig-HepG2,Total,14,19,0.0025919306928787,0.119515456519672,
Nadig-HepG2,Total,14,20,0.0024098877411044,0.119515456519672,
Nadig-HepG2,Total,15,1,0.1328809437965101,0.119515456519672,
Nadig-HepG2,Total,15,2,0.0482999504600622,0.119515456519672,
Nadig-HepG2,Total,15,3,0.0295124320863244,0.119515456519672,
Nadig-HepG2,Total,15,4,0.0208869417825514,0.119515456519672,
Nadig-HepG2,Total,15,5,0.0155091953145949,0.119515456519672,
Nadig-HepG2,Total,15,6,0.0123032345768842,0.119515456519672,
Nadig-HepG2,Total,15,7,0.0094039581750005,0.119515456519672,
Nadig-HepG2,Total,15,8,0.0079499407037234,0.119515456519672,
Nadig-HepG2,Total,15,9,0.0064601521417833,0.119515456519672,
Nadig-HepG2,Total,15,10,0.0061831075297791,0.119515456519672,
Nadig-HepG2,Total,15,11,0.005400690124878,0.119515456519672,
Nadig-HepG2,Total,15,12,0.0041929497673143,0.119515456519672,
Nadig-HepG2,Total,15,13,0.0030802228738852,0.119515456519672,
Nadig-HepG2,Total,15,14,0.0027824049310745,0.119515456519672,
Nadig-HepG2,Total,15,15,0.0028078336019336,0.119515456519672,
Nadig-HepG2,Total,15,16,0.0025961795598175,0.119515456519672,
Nadig-HepG2,Total,15,17,0.0022146192949645,0.119515456519672,
Nadig-HepG2,Total,15,18,0.0017121580193693,0.119515456519672,
Nadig-HepG2,Total,15,19,0.0016813557478231,0.119515456519672,
Nadig-HepG2,Total,15,20,0.0013164391517144,0.119515456519672,
Nadig-HepG2,Total,16,1,0.0965846192562128,0.119515456519672,
Nadig-HepG2,Total,16,2,0.0319265496630866,0.119515456519672,
Nadig-HepG2,Total,16,3,0.019859392488593,0.119515456519672,
Nadig-HepG2,Total,16,4,0.0140038447294029,0.119515456519672,
Nadig-HepG2,Total,16,5,0.0107756152236489,0.119515456519672,
Nadig-HepG2,Total,16,6,0.0091827967915064,0.119515456519672,
Nadig-HepG2,Total,16,7,0.0070908771663422,0.119515456519672,
Nadig-HepG2,Total,16,8,0.0052175878633881,0.119515456519672,
Nadig-HepG2,Total,16,9,0.0042978043895026,0.119515456519672,
Nadig-HepG2,Total,16,10,0.0035923265631974,0.119515456519672,
Nadig-HepG2,Total,16,11,0.0037421701601931,0.119515456519672,
Nadig-HepG2,Total,16,12,0.0031094429719867,0.119515456519672,
Nadig-HepG2,Total,16,13,0.0024047073281715,0.119515456519672,
Nadig-HepG2,Total,16,14,0.0021247550118679,0.119515456519672,
Nadig-HepG2,Total,16,15,0.0022125917609079,0.119515456519672,
Nadig-HepG2,Total,16,16,0.0019481247058095,0.119515456519672,
Nadig-HepG2,Total,16,17,0.0015287548352878,0.119515456519672,
Nadig-HepG2,Total,16,18,0.0011617462931821,0.119515456519672,
Nadig-HepG2,Total,16,19,0.0011554625475569,0.119515456519672,
Nadig-HepG2,Total,16,20,0.0013044405335971,0.119515456519672,
Nadig-HepG2,Total,17,1,0.067509799812233,0.119515456519672,
Nadig-HepG2,Total,17,2,0.0231690520090747,0.119515456519672,
Nadig-HepG2,Total,17,3,0.0145773363509737,0.119515456519672,
Nadig-HepG2,Total,17,4,0.0100970784833345,0.119515456519672,
Nadig-HepG2,Total,17,5,0.0080543272871942,0.119515456519672,
Nadig-HepG2,Total,17,6,0.0064414635470385,0.119515456519672,
Nadig-HepG2,Total,17,7,0.005365040752571,0.119515456519672,
Nadig-HepG2,Total,17,8,0.0039112158266934,0.119515456519672,
Nadig-HepG2,Total,17,9,0.0033272254289636,0.119515456519672,
Nadig-HepG2,Total,17,10,0.002869046402181,0.119515456519672,
Nadig-HepG2,Total,17,11,0.0027643969730603,0.119515456519672,
Nadig-HepG2,Total,17,12,0.0024675110235853,0.119515456519672,
Nadig-HepG2,Total,17,13,0.0021161812015232,0.119515456519672,
Nadig-HepG2,Total,17,14,0.0018710708923943,0.119515456519672,
Nadig-HepG2,Total,17,15,0.0015737327633798,0.119515456519672,
Nadig-HepG2,Total,17,16,0.0014018947913047,0.119515456519672,
Nadig-HepG2,Total,17,17,0.0011811846926122,0.119515456519672,
Nadig-HepG2,Total,17,18,0.0012765085581185,0.119515456519672,
Nadig-HepG2,Total,17,19,0.0012070965125381,0.119515456519672,
Nadig-HepG2,Total,17,20,0.0011526422688561,0.119515456519672,
Nadig-HepG2,Total,18,1,0.0537834060430103,0.119515456519672,
Nadig-HepG2,Total,18,2,0.0179629128120837,0.119515456519672,
Nadig-HepG2,Total,18,3,0.0094607167184453,0.119515456519672,
Nadig-HepG2,Total,18,4,0.0072848343936429,0.119515456519672,
Nadig-HepG2,Total,18,5,0.0064664959848856,0.119515456519672,
Nadig-HepG2,Total,18,6,0.0042161190036636,0.119515456519672,
Nadig-HepG2,Total,18,7,0.003048867539233,0.119515456519672,
Nadig-HepG2,Total,18,8,0.0023113221403119,0.119515456519672,
Nadig-HepG2,Total,18,9,0.0022254306797413,0.119515456519672,
Nadig-HepG2,Total,18,10,0.0019103493451015,0.119515456519672,
Nadig-HepG2,Total,18,11,0.0019124131725808,0.119515456519672,
Nadig-HepG2,Total,18,12,0.0015199955147822,0.119515456519672,
Nadig-HepG2,Total,18,13,0.0015668748454377,0.119515456519672,
Nadig-HepG2,Total,18,14,0.001337988047472,0.119515456519672,
Nadig-HepG2,Total,18,15,0.0009454838962669,0.119515456519672,
Nadig-HepG2,Total,18,16,0.0008186433440729,0.119515456519672,
Nadig-HepG2,Total,18,17,0.0006263917709084,0.119515456519672,
Nadig-HepG2,Total,18,18,0.000625058736428,0.119515456519672,
Nadig-HepG2,Total,18,19,0.0006175676902843,0.119515456519672,
Nadig-HepG2,Total,18,20,0.0005261334077131,0.119515456519672,
Nadig-HepG2,Total,19,1,0.0359114301975788,0.119515456519672,
Nadig-HepG2,Total,19,2,0.0128292447532,0.119515456519672,
Nadig-HepG2,Total,19,3,0.0067615086472709,0.119515456519672,
Nadig-HepG2,Total,19,4,0.0047640087606974,0.119515456519672,
Nadig-HepG2,Total,19,5,0.0039890548488427,0.119515456519672,
Nadig-HepG2,Total,19,6,0.00302718541188,0.119515456519672,
Nadig-HepG2,Total,19,7,0.0027093082949557,0.119515456519672,
Nadig-HepG2,Total,19,8,0.0019089167455627,0.119515456519672,
Nadig-HepG2,Total,19,9,0.0017226335391012,0.119515456519672,
Nadig-HepG2,Total,19,10,0.001585595983781,0.119515456519672,
Nadig-HepG2,Total,19,11,0.0015738107459367,0.119515456519672,
Nadig-HepG2,Total,19,12,0.0012228595368806,0.119515456519672,
Nadig-HepG2,Total,19,13,0.0010039056275336,0.119515456519672,
Nadig-HepG2,Total,19,14,0.0008664862571518,0.119515456519672,
Nadig-HepG2,Total,19,15,0.0007664929059974,0.119515456519672,
Nadig-HepG2,Total,19,16,0.0008602082168392,0.119515456519672,
Nadig-HepG2,Total,19,17,0.0006888956458047,0.119515456519672,
Nadig-HepG2,Total,19,18,0.0005531516848864,0.119515456519672,
Nadig-HepG2,Total,19,19,0.0005613540409313,0.119515456519672,
Nadig-HepG2,Total,19,20,0.0004347678982147,0.119515456519672,
Nadig-HepG2,Total,20,1,0.0278018554748764,0.119515456519672,
Nadig-HepG2,Total,20,2,0.0076157493004077,0.119515456519672,
Nadig-HepG2,Total,20,3,0.0049800306821981,0.119515456519672,
Nadig-HepG2,Total,20,4,0.003269974861334,0.119515456519672,
Nadig-HepG2,Total,20,5,0.0027217238121153,0.119515456519672,
Nadig-HepG2,Total,20,6,0.0019777602512585,0.119515456519672,
Nadig-HepG2,Total,20,7,0.0014675235527372,0.119515456519672,
Nadig-HepG2,Total,20,8,0.0014774442434511,0.119515456519672,
Nadig-HepG2,Total,20,9,0.0012915930200606,0.119515456519672,
Nadig-HepG2,Total,20,10,0.0008469348855382,0.119515456519672,
Nadig-HepG2,Total,20,11,0.000870814799092,0.119515456519672,
Nadig-HepG2,Total,20,12,0.0008567105712307,0.119515456519672,
Nadig-HepG2,Total,20,13,0.0006729077776986,0.119515456519672,
Nadig-HepG2,Total,20,14,0.000602159158686,0.119515456519672,
Nadig-HepG2,Total,20,15,0.0004444368577458,0.119515456519672,
Nadig-HepG2,Total,20,16,0.0003429291832083,0.119515456519672,
Nadig-HepG2,Total,20,17,0.0003165375226112,0.119515456519672,
Nadig-HepG2,Total,20,18,0.0003247572840041,0.119515456519672,
Nadig-HepG2,Total,20,19,0.0003839774608863,0.119515456519672,
Nadig-HepG2,Total,20,20,0.0003201388532971,0.119515456519672,
Nadig-HepG2,Residual,1,1,0.6545610524145977,0.0587259566554899,0.4912217018182356
Nadig-HepG2,Residual,1,2,0.542797545245651,0.0587259566554899,0.4912217018182356
Nadig-HepG2,Residual,1,3,0.4886065788194637,0.0587259566554899,0.4912217018182356
Nadig-HepG2,Residual,1,4,0.4541251217805899,0.0587259566554899,0.4912217018182356
Nadig-HepG2,Residual,1,5,0.4084435940450818,0.0587259566554899,0.4912217018182356
Nadig-HepG2,Residual,1,6,0.3691123911198381,0.0587259566554899,0.4912217018182356
Nadig-HepG2,Residual,1,7,0.3373488856299811,0.0587259566554899,0.4912217018182356
Nadig-HepG2,Residual,1,8,0.3134684797527565,0.0587259566554899,0.4912217018182356
Nadig-HepG2,Residual,1,9,0.2912948770522398,0.0587259566554899,0.4912217018182356
Nadig-HepG2,Residual,1,10,0.2674687519714828,0.0587259566554899,0.4912217018182356
Nadig-HepG2,Residual,1,11,0.2454484470991191,0.0587259566554899,0.4912217018182356
Nadig-HepG2,Residual,1,12,0.2272659652740829,0.0587259566554899,0.4912217018182356
Nadig-HepG2,Residual,1,13,0.2080494678153844,0.0587259566554899,0.4912217018182356
Nadig-HepG2,Residual,1,14,0.1918836022612145,0.0587259566554899,0.4912217018182356
Nadig-HepG2,Residual,1,15,0.1746314609751683,0.0587259566554899,0.4912217018182356
Nadig-HepG2,Residual,1,16,0.1570146317077099,0.0587259566554899,0.4912217018182356
Nadig-HepG2,Residual,1,17,0.1416596332143292,0.0587259566554899,0.4912217018182356
Nadig-HepG2,Residual,1,18,0.1235737507542452,0.0587259566554899,0.4912217018182356
Nadig-HepG2,Residual,1,19,0.1006942961864366,0.0587259566554899,0.4912217018182356
Nadig-HepG2,Residual,1,20,0.0766412141879455,0.0587259566554899,0.4912217018182356
Nadig-HepG2,Residual,2,1,0.5612169671401138,0.0587259566554899,0.4912217018182356
Nadig-HepG2,Residual,2,2,0.4154537179677824,0.0587259566554899,0.4912217018182356
Nadig-HepG2,Residual,2,3,0.3525428564614842,0.0587259566554899,0.4912217018182356
Nadig-HepG2,Residual,2,4,0.312384968290097,0.0587259566554899,0.4912217018182356
Nadig-HepG2,Residual,2,5,0.273112138106131,0.0587259566554899,0.4912217018182356
Nadig-HepG2,Residual,2,6,0.2397800360859479,0.0587259566554899,0.4912217018182356
Nadig-HepG2,Residual,2,7,0.2113732773649614,0.0587259566554899,0.4912217018182356
Nadig-HepG2,Residual,2,8,0.1918884032788807,0.0587259566554899,0.4912217018182356
Nadig-HepG2,Residual,2,9,0.173309994274525,0.0587259566554899,0.4912217018182356
Nadig-HepG2,Residual,2,10,0.153846348744961,0.0587259566554899,0.4912217018182356
Nadig-HepG2,Residual,2,11,0.1370073252169426,0.0587259566554899,0.4912217018182356
Nadig-HepG2,Residual,2,12,0.1239090900046847,0.0587259566554899,0.4912217018182356
Nadig-HepG2,Residual,2,13,0.1104680051925222,0.0587259566554899,0.4912217018182356
Nadig-HepG2,Residual,2,14,0.0989441275752709,0.0587259566554899,0.4912217018182356
Nadig-HepG2,Residual,2,15,0.0895304481846703,0.0587259566554899,0.4912217018182356
Nadig-HepG2,Residual,2,16,0.0792135241549893,0.0587259566554899,0.4912217018182356
Nadig-HepG2,Residual,2,17,0.0701531514134734,0.0587259566554899,0.4912217018182356
Nadig-HepG2,Residual,2,18,0.060400248519938,0.0587259566554899,0.4912217018182356
Nadig-HepG2,Residual,2,19,0.047908712421658,0.0587259566554899,0.4912217018182356
Nadig-HepG2,Residual,2,20,0.0361229880124982,0.0587259566554899,0.4912217018182356
Nadig-HepG2,Residual,3,1,0.4967594068762233,0.0587259566554899,0.4912217018182356
Nadig-HepG2,Residual,3,2,0.3390076232033547,0.0587259566554899,0.4912217018182356
Nadig-HepG2,Residual,3,3,0.2807708957645795,0.0587259566554899,0.4912217018182356
Nadig-HepG2,Residual,3,4,0.2444890232984543,0.0587259566554899,0.4912217018182356
Nadig-HepG2,Residual,3,5,0.2091236747484036,0.0587259566554899,0.4912217018182356
Nadig-HepG2,Residual,3,6,0.1830683618947984,0.0587259566554899,0.4912217018182356
Nadig-HepG2,Residual,3,7,0.1603890883675048,0.0587259566554899,0.4912217018182356
Nadig-HepG2,Residual,3,8,0.1447258333526696,0.0587259566554899,0.4912217018182356
Nadig-HepG2,Residual,3,9,0.1288076756138459,0.0587259566554899,0.4912217018182356
Nadig-HepG2,Residual,3,10,0.1132492474302076,0.0587259566554899,0.4912217018182356
Nadig-HepG2,Residual,3,11,0.1020827890559669,0.0587259566554899,0.4912217018182356
Nadig-HepG2,Residual,3,12,0.0911915863266884,0.0587259566554899,0.4912217018182356
Nadig-HepG2,Residual,3,13,0.0820666538039754,0.0587259566554899,0.4912217018182356
Nadig-HepG2,Residual,3,14,0.07336089145664,0.0587259566554899,0.4912217018182356
Nadig-HepG2,Residual,3,15,0.065368375534239,0.0587259566554899,0.4912217018182356
Nadig-HepG2,Residual,3,16,0.0577371854222435,0.0587259566554899,0.4912217018182356
Nadig-HepG2,Residual,3,17,0.0502155876797094,0.0587259566554899,0.4912217018182356
Nadig-HepG2,Residual,3,18,0.0425037403960211,0.0587259566554899,0.4912217018182356
Nadig-HepG2,Residual,3,19,0.0335191787354425,0.0587259566554899,0.4912217018182356
Nadig-HepG2,Residual,3,20,0.0261424049696488,0.0587259566554899,0.4912217018182356
Nadig-HepG2,Residual,4,1,0.4519060787977513,0.0587259566554899,0.4912217018182356
Nadig-HepG2,Residual,4,2,0.2835082185794627,0.0587259566554899,0.4912217018182356
Nadig-HepG2,Residual,4,3,0.2216970347526881,0.0587259566554899,0.4912217018182356
Nadig-HepG2,Residual,4,4,0.1831181520966785,0.0587259566554899,0.4912217018182356
Nadig-HepG2,Residual,4,5,0.1520707307763048,0.0587259566554899,0.4912217018182356
Nadig-HepG2,Residual,4,6,0.1313500845935535,0.0587259566554899,0.4912217018182356
Nadig-HepG2,Residual,4,7,0.1151827556347692,0.0587259566554899,0.4912217018182356
Nadig-HepG2,Residual,4,8,0.1028078227102154,0.0587259566554899,0.4912217018182356
Nadig-HepG2,Residual,4,9,0.0914446456014956,0.0587259566554899,0.4912217018182356
Nadig-HepG2,Residual,4,10,0.0803906343139121,0.0587259566554899,0.4912217018182356
Nadig-HepG2,Residual,4,11,0.068621087418433,0.0587259566554899,0.4912217018182356
Nadig-HepG2,Residual,4,12,0.0612060106876901,0.0587259566554899,0.4912217018182356
Nadig-HepG2,Residual,4,13,0.0556033670384603,0.0587259566554899,0.4912217018182356
Nadig-HepG2,Residual,4,14,0.0496636029552279,0.0587259566554899,0.4912217018182356
Nadig-HepG2,Residual,4,15,0.0434735056985964,0.0587259566554899,0.4912217018182356
Nadig-HepG2,Residual,4,16,0.0383320194843184,0.0587259566554899,0.4912217018182356
Nadig-HepG2,Residual,4,17,0.032829302630536,0.0587259566554899,0.4912217018182356
Nadig-HepG2,Residual,4,18,0.0280313402658993,0.0587259566554899,0.4912217018182356
Nadig-HepG2,Residual,4,19,0.0224433628548928,0.0587259566554899,0.4912217018182356
Nadig-HepG2,Residual,4,20,0.0170900666934025,0.0587259566554899,0.4912217018182356
Nadig-HepG2,Residual,5,1,0.3883885987576352,0.0587259566554899,0.4912217018182356
Nadig-HepG2,Residual,5,2,0.2344382885545716,0.0587259566554899,0.4912217018182356
Nadig-HepG2,Residual,5,3,0.1820235509635454,0.0587259566554899,0.4912217018182356
Nadig-HepG2,Residual,5,4,0.1448528377597828,0.0587259566554899,0.4912217018182356
Nadig-HepG2,Residual,5,5,0.1168214716293689,0.0587259566554899,0.4912217018182356
Nadig-HepG2,Residual,5,6,0.1013909501323021,0.0587259566554899,0.4912217018182356
Nadig-HepG2,Residual,5,7,0.0896209090572389,0.0587259566554899,0.4912217018182356
Nadig-HepG2,Residual,5,8,0.0782782596818664,0.0587259566554899,0.4912217018182356
Nadig-HepG2,Residual,5,9,0.0687653832792443,0.0587259566554899,0.4912217018182356
Nadig-HepG2,Residual,5,10,0.0597714615528932,0.0587259566554899,0.4912217018182356
Nadig-HepG2,Residual,5,11,0.0520721362089159,0.0587259566554899,0.4912217018182356
Nadig-HepG2,Residual,5,12,0.04557647120239,0.0587259566554899,0.4912217018182356
Nadig-HepG2,Residual,5,13,0.0402071350662389,0.0587259566554899,0.4912217018182356
Nadig-HepG2,Residual,5,14,0.0363270097312473,0.0587259566554899,0.4912217018182356
Nadig-HepG2,Residual,5,15,0.031856606769227,0.0587259566554899,0.4912217018182356
Nadig-HepG2,Residual,5,16,0.0275472053347685,0.0587259566554899,0.4912217018182356
Nadig-HepG2,Residual,5,17,0.0236747029786857,0.0587259566554899,0.4912217018182356
Nadig-HepG2,Residual,5,18,0.0194792141111284,0.0587259566554899,0.4912217018182356
Nadig-HepG2,Residual,5,19,0.0151634912524463,0.0587259566554899,0.4912217018182356
Nadig-HepG2,Residual,5,20,0.0119075438515718,0.0587259566554899,0.4912217018182356
Nadig-HepG2,Residual,6,1,0.3661415027862807,0.0587259566554899,0.4912217018182356
Nadig-HepG2,Residual,6,2,0.1917567044965096,0.0587259566554899,0.4912217018182356
Nadig-HepG2,Residual,6,3,0.1393163204954705,0.0587259566554899,0.4912217018182356
Nadig-HepG2,Residual,6,4,0.111646797163391,0.0587259566554899,0.4912217018182356
Nadig-HepG2,Residual,6,5,0.0893116817303208,0.0587259566554899,0.4912217018182356
Nadig-HepG2,Residual,6,6,0.0748354337533973,0.0587259566554899,0.4912217018182356
Nadig-HepG2,Residual,6,7,0.0658913232810929,0.0587259566554899,0.4912217018182356
Nadig-HepG2,Residual,6,8,0.0583124873216269,0.0587259566554899,0.4912217018182356
Nadig-HepG2,Residual,6,9,0.050967203591302,0.0587259566554899,0.4912217018182356
Nadig-HepG2,Residual,6,10,0.045035309604636,0.0587259566554899,0.4912217018182356
Nadig-HepG2,Residual,6,11,0.0386950442024807,0.0587259566554899,0.4912217018182356
Nadig-HepG2,Residual,6,12,0.0353875370129656,0.0587259566554899,0.4912217018182356
Nadig-HepG2,Residual,6,13,0.0316405990835782,0.0587259566554899,0.4912217018182356
Nadig-HepG2,Residual,6,14,0.0284151720393199,0.0587259566554899,0.4912217018182356
Nadig-HepG2,Residual,6,15,0.0251252906905976,0.0587259566554899,0.4912217018182356
Nadig-HepG2,Residual,6,16,0.0213074413436181,0.0587259566554899,0.4912217018182356
Nadig-HepG2,Residual,6,17,0.0180054108239734,0.0587259566554899,0.4912217018182356
Nadig-HepG2,Residual,6,18,0.0153698150998553,0.0587259566554899,0.4912217018182356
Nadig-HepG2,Residual,6,19,0.0121622767145053,0.0587259566554899,0.4912217018182356
Nadig-HepG2,Residual,6,20,0.0084947310054597,0.0587259566554899,0.4912217018182356
Nadig-HepG2,Residual,7,1,0.3160317703474143,0.0587259566554899,0.4912217018182356
Nadig-HepG2,Residual,7,2,0.1553603641503596,0.0587259566554899,0.4912217018182356
Nadig-HepG2,Residual,7,3,0.1094793562172707,0.0587259566554899,0.4912217018182356
Nadig-HepG2,Residual,7,4,0.0856872637996877,0.0587259566554899,0.4912217018182356
Nadig-HepG2,Residual,7,5,0.0653399259910628,0.0587259566554899,0.4912217018182356
Nadig-HepG2,Residual,7,6,0.0555032611111206,0.0587259566554899,0.4912217018182356
Nadig-HepG2,Residual,7,7,0.0490598591311832,0.0587259566554899,0.4912217018182356
Nadig-HepG2,Residual,7,8,0.0415470272572251,0.0587259566554899,0.4912217018182356
Nadig-HepG2,Residual,7,9,0.0364018339259597,0.0587259566554899,0.4912217018182356
Nadig-HepG2,Residual,7,10,0.0313494936877506,0.0587259566554899,0.4912217018182356
Nadig-HepG2,Residual,7,11,0.0274125355052329,0.0587259566554899,0.4912217018182356
Nadig-HepG2,Residual,7,12,0.0246536153239163,0.0587259566554899,0.4912217018182356
Nadig-HepG2,Residual,7,13,0.0221807356670828,0.0587259566554899,0.4912217018182356
Nadig-HepG2,Residual,7,14,0.0201048333379427,0.0587259566554899,0.4912217018182356
Nadig-HepG2,Residual,7,15,0.0176168281595714,0.0587259566554899,0.4912217018182356
Nadig-HepG2,Residual,7,16,0.01571934808154,0.0587259566554899,0.4912217018182356
Nadig-HepG2,Residual,7,17,0.0136050230817998,0.0587259566554899,0.4912217018182356
Nadig-HepG2,Residual,7,18,0.0110965750045163,0.0587259566554899,0.4912217018182356
Nadig-HepG2,Residual,7,19,0.0087261688641136,0.0587259566554899,0.4912217018182356
Nadig-HepG2,Residual,7,20,0.0071015243026147,0.0587259566554899,0.4912217018182356
Nadig-HepG2,Residual,8,1,0.2742034177339915,0.0587259566554899,0.4912217018182356
Nadig-HepG2,Residual,8,2,0.1226623759612914,0.0587259566554899,0.4912217018182356
Nadig-HepG2,Residual,8,3,0.0868907925836235,0.0587259566554899,0.4912217018182356
Nadig-HepG2,Residual,8,4,0.0645188243907059,0.0587259566554899,0.4912217018182356
Nadig-HepG2,Residual,8,5,0.049097792901276,0.0587259566554899,0.4912217018182356
Nadig-HepG2,Residual,8,6,0.0413010786242318,0.0587259566554899,0.4912217018182356
Nadig-HepG2,Residual,8,7,0.0357006407625398,0.0587259566554899,0.4912217018182356
Nadig-HepG2,Residual,8,8,0.0324825344618199,0.0587259566554899,0.4912217018182356
Nadig-HepG2,Residual,8,9,0.0291674186642608,0.0587259566554899,0.4912217018182356
Nadig-HepG2,Residual,8,10,0.0257146553922789,0.0587259566554899,0.4912217018182356
Nadig-HepG2,Residual,8,11,0.0212171818417509,0.0587259566554899,0.4912217018182356
Nadig-HepG2,Residual,8,12,0.0188086193622945,0.0587259566554899,0.4912217018182356
Nadig-HepG2,Residual,8,13,0.0167289533185139,0.0587259566554899,0.4912217018182356
Nadig-HepG2,Residual,8,14,0.0149963113697982,0.0587259566554899,0.4912217018182356
Nadig-HepG2,Residual,8,15,0.0126466483194756,0.0587259566554899,0.4912217018182356
Nadig-HepG2,Residual,8,16,0.0112150358717336,0.0587259566554899,0.4912217018182356
Nadig-HepG2,Residual,8,17,0.0100707894155051,0.0587259566554899,0.4912217018182356
Nadig-HepG2,Residual,8,18,0.0085994138779348,0.0587259566554899,0.4912217018182356
Nadig-HepG2,Residual,8,19,0.006591400823688,0.0587259566554899,0.4912217018182356
Nadig-HepG2,Residual,8,20,0.0050774736756116,0.0587259566554899,0.4912217018182356
Nadig-HepG2,Residual,9,1,0.2440880108036835,0.0587259566554899,0.4912217018182356
Nadig-HepG2,Residual,9,2,0.0974996096947631,0.0587259566554899,0.4912217018182356
Nadig-HepG2,Residual,9,3,0.0688448763127941,0.0587259566554899,0.4912217018182356
Nadig-HepG2,Residual,9,4,0.0524950113352582,0.0587259566554899,0.4912217018182356
Nadig-HepG2,Residual,9,5,0.0391207841193151,0.0587259566554899,0.4912217018182356
Nadig-HepG2,Residual,9,6,0.0321597851245242,0.0587259566554899,0.4912217018182356
Nadig-HepG2,Residual,9,7,0.0285413311165284,0.0587259566554899,0.4912217018182356
Nadig-HepG2,Residual,9,8,0.0254015296135265,0.0587259566554899,0.4912217018182356
Nadig-HepG2,Residual,9,9,0.0226739801240043,0.0587259566554899,0.4912217018182356
Nadig-HepG2,Residual,9,10,0.019550107474622,0.0587259566554899,0.4912217018182356
Nadig-HepG2,Residual,9,11,0.0168066344072071,0.0587259566554899,0.4912217018182356
Nadig-HepG2,Residual,9,12,0.0148526194517104,0.0587259566554899,0.4912217018182356
Nadig-HepG2,Residual,9,13,0.0129894034250618,0.0587259566554899,0.4912217018182356
Nadig-HepG2,Residual,9,14,0.0113529001563898,0.0587259566554899,0.4912217018182356
Nadig-HepG2,Residual,9,15,0.0096449223428639,0.0587259566554899,0.4912217018182356
Nadig-HepG2,Residual,9,16,0.0080756027965379,0.0587259566554899,0.4912217018182356
Nadig-HepG2,Residual,9,17,0.0068674035346619,0.0587259566554899,0.4912217018182356
Nadig-HepG2,Residual,9,18,0.0059311051873738,0.0587259566554899,0.4912217018182356
Nadig-HepG2,Residual,9,19,0.0051842034923931,0.0587259566554899,0.4912217018182356
Nadig-HepG2,Residual,9,20,0.0038316954102653,0.0587259566554899,0.4912217018182356
Nadig-HepG2,Residual,10,1,0.2135543196614629,0.0587259566554899,0.4912217018182356
Nadig-HepG2,Residual,10,2,0.077138580141491,0.0587259566554899,0.4912217018182356
Nadig-HepG2,Residual,10,3,0.0543302487404378,0.0587259566554899,0.4912217018182356
Nadig-HepG2,Residual,10,4,0.0398566948848489,0.0587259566554899,0.4912217018182356
Nadig-HepG2,Residual,10,5,0.0302369692867341,0.0587259566554899,0.4912217018182356
Nadig-HepG2,Residual,10,6,0.0248924298712445,0.0587259566554899,0.4912217018182356
Nadig-HepG2,Residual,10,7,0.0214288773335286,0.0587259566554899,0.4912217018182356
Nadig-HepG2,Residual,10,8,0.0189843000781379,0.0587259566554899,0.4912217018182356
Nadig-HepG2,Residual,10,9,0.0168993533711712,0.0587259566554899,0.4912217018182356
Nadig-HepG2,Residual,10,10,0.0146330206319872,0.0587259566554899,0.4912217018182356
Nadig-HepG2,Residual,10,11,0.0124972931295604,0.0587259566554899,0.4912217018182356
Nadig-HepG2,Residual,10,12,0.0107307150153361,0.0587259566554899,0.4912217018182356
Nadig-HepG2,Residual,10,13,0.0094121111740225,0.0587259566554899,0.4912217018182356
Nadig-HepG2,Residual,10,14,0.0081356483138,0.0587259566554899,0.4912217018182356
Nadig-HepG2,Residual,10,15,0.0067159674844829,0.0587259566554899,0.4912217018182356
Nadig-HepG2,Residual,10,16,0.0056549965668078,0.0587259566554899,0.4912217018182356
Nadig-HepG2,Residual,10,17,0.0049533284188891,0.0587259566554899,0.4912217018182356
Nadig-HepG2,Residual,10,18,0.0044418587655817,0.0587259566554899,0.4912217018182356
Nadig-HepG2,Residual,10,19,0.0038572076222989,0.0587259566554899,0.4912217018182356
Nadig-HepG2,Residual,10,20,0.0026002766845152,0.0587259566554899,0.4912217018182356
Nadig-HepG2,Residual,11,1,0.1610311486842202,0.0587259566554899,0.4912217018182356
Nadig-HepG2,Residual,11,2,0.0613007464297052,0.0587259566554899,0.4912217018182356
Nadig-HepG2,Residual,11,3,0.0419365955712113,0.0587259566554899,0.4912217018182356
Nadig-HepG2,Residual,11,4,0.0315803563930396,0.0587259566554899,0.4912217018182356
Nadig-HepG2,Residual,11,5,0.0234882908089322,0.0587259566554899,0.4912217018182356
Nadig-HepG2,Residual,11,6,0.0196039918067026,0.0587259566554899,0.4912217018182356
Nadig-HepG2,Residual,11,7,0.0163650113987668,0.0587259566554899,0.4912217018182356
Nadig-HepG2,Residual,11,8,0.0148375818029618,0.0587259566554899,0.4912217018182356
Nadig-HepG2,Residual,11,9,0.013520977778281,0.0587259566554899,0.4912217018182356
Nadig-HepG2,Residual,11,10,0.0114679013711401,0.0587259566554899,0.4912217018182356
Nadig-HepG2,Residual,11,11,0.0095895986903924,0.0587259566554899,0.4912217018182356
Nadig-HepG2,Residual,11,12,0.0086687925563837,0.0587259566554899,0.4912217018182356
Nadig-HepG2,Residual,11,13,0.0076795257848425,0.0587259566554899,0.4912217018182356
Nadig-HepG2,Residual,11,14,0.0062768288825301,0.0587259566554899,0.4912217018182356
Nadig-HepG2,Residual,11,15,0.0053235372046794,0.0587259566554899,0.4912217018182356
Nadig-HepG2,Residual,11,16,0.0049091643430828,0.0587259566554899,0.4912217018182356
Nadig-HepG2,Residual,11,17,0.0042580068534763,0.0587259566554899,0.4912217018182356
Nadig-HepG2,Residual,11,18,0.0037409590106839,0.0587259566554899,0.4912217018182356
Nadig-HepG2,Residual,11,19,0.0030243348712351,0.0587259566554899,0.4912217018182356
Nadig-HepG2,Residual,11,20,0.0020327178736687,0.0587259566554899,0.4912217018182356
Nadig-HepG2,Residual,12,1,0.1473876032656978,0.0587259566554899,0.4912217018182356
Nadig-HepG2,Residual,12,2,0.0474880824438464,0.0587259566554899,0.4912217018182356
Nadig-HepG2,Residual,12,3,0.0302687197303342,0.0587259566554899,0.4912217018182356
Nadig-HepG2,Residual,12,4,0.0216606668943486,0.0587259566554899,0.4912217018182356
Nadig-HepG2,Residual,12,5,0.0160304712832234,0.0587259566554899,0.4912217018182356
Nadig-HepG2,Residual,12,6,0.0137820395275573,0.0587259566554899,0.4912217018182356
Nadig-HepG2,Residual,12,7,0.011880131368527,0.0587259566554899,0.4912217018182356
Nadig-HepG2,Residual,12,8,0.0103217145332835,0.0587259566554899,0.4912217018182356
Nadig-HepG2,Residual,12,9,0.0088050173271069,0.0587259566554899,0.4912217018182356
Nadig-HepG2,Residual,12,10,0.007459531624426,0.0587259566554899,0.4912217018182356
Nadig-HepG2,Residual,12,11,0.0060904871853686,0.0587259566554899,0.4912217018182356
Nadig-HepG2,Residual,12,12,0.0054784209301668,0.0587259566554899,0.4912217018182356
Nadig-HepG2,Residual,12,13,0.0047215523434061,0.0587259566554899,0.4912217018182356
Nadig-HepG2,Residual,12,14,0.0039859003594666,0.0587259566554899,0.4912217018182356
Nadig-HepG2,Residual,12,15,0.0034291068640565,0.0587259566554899,0.4912217018182356
Nadig-HepG2,Residual,12,16,0.0030827105054805,0.0587259566554899,0.4912217018182356
Nadig-HepG2,Residual,12,17,0.0026408738289429,0.0587259566554899,0.4912217018182356
Nadig-HepG2,Residual,12,18,0.0020321684694667,0.0587259566554899,0.4912217018182356
Nadig-HepG2,Residual,12,19,0.0015697314916875,0.0587259566554899,0.4912217018182356
Nadig-HepG2,Residual,12,20,0.0013395313940876,0.0587259566554899,0.4912217018182356
Nadig-HepG2,Residual,13,1,0.1177941401767793,0.0587259566554899,0.4912217018182356
Nadig-HepG2,Residual,13,2,0.0360696174462396,0.0587259566554899,0.4912217018182356
Nadig-HepG2,Residual,13,3,0.0225368360275163,0.0587259566554899,0.4912217018182356
Nadig-HepG2,Residual,13,4,0.0167035304609614,0.0587259566554899,0.4912217018182356
Nadig-HepG2,Residual,13,5,0.0122473719441504,0.0587259566554899,0.4912217018182356
Nadig-HepG2,Residual,13,6,0.0107985988731745,0.0587259566554899,0.4912217018182356
Nadig-HepG2,Residual,13,7,0.009477243471308,0.0587259566554899,0.4912217018182356
Nadig-HepG2,Residual,13,8,0.0081519428090627,0.0587259566554899,0.4912217018182356
Nadig-HepG2,Residual,13,9,0.0066293959454638,0.0587259566554899,0.4912217018182356
Nadig-HepG2,Residual,13,10,0.0053912661077282,0.0587259566554899,0.4912217018182356
Nadig-HepG2,Residual,13,11,0.0043890013104653,0.0587259566554899,0.4912217018182356
Nadig-HepG2,Residual,13,12,0.0036355984121442,0.0587259566554899,0.4912217018182356
Nadig-HepG2,Residual,13,13,0.0030535987315637,0.0587259566554899,0.4912217018182356
Nadig-HepG2,Residual,13,14,0.0027362150716691,0.0587259566554899,0.4912217018182356
Nadig-HepG2,Residual,13,15,0.0025060656967224,0.0587259566554899,0.4912217018182356
Nadig-HepG2,Residual,13,16,0.0020121035325669,0.0587259566554899,0.4912217018182356
Nadig-HepG2,Residual,13,17,0.0016441408444241,0.0587259566554899,0.4912217018182356
Nadig-HepG2,Residual,13,18,0.001422883214306,0.0587259566554899,0.4912217018182356
Nadig-HepG2,Residual,13,19,0.0010902773412054,0.0587259566554899,0.4912217018182356
Nadig-HepG2,Residual,13,20,0.0008204539437514,0.0587259566554899,0.4912217018182356
Nadig-HepG2,Residual,14,1,0.0978833199801856,0.0587259566554899,0.4912217018182356
Nadig-HepG2,Residual,14,2,0.02827439233454,0.0587259566554899,0.4912217018182356
Nadig-HepG2,Residual,14,3,0.0174618089771181,0.0587259566554899,0.4912217018182356
Nadig-HepG2,Residual,14,4,0.0122867140257976,0.0587259566554899,0.4912217018182356
Nadig-HepG2,Residual,14,5,0.008859009224514,0.0587259566554899,0.4912217018182356
Nadig-HepG2,Residual,14,6,0.0075565679580847,0.0587259566554899,0.4912217018182356
Nadig-HepG2,Residual,14,7,0.0062865622582866,0.0587259566554899,0.4912217018182356
Nadig-HepG2,Residual,14,8,0.0052348131634622,0.0587259566554899,0.4912217018182356
Nadig-HepG2,Residual,14,9,0.0046038500485006,0.0587259566554899,0.4912217018182356
Nadig-HepG2,Residual,14,10,0.0040019269501602,0.0587259566554899,0.4912217018182356
Nadig-HepG2,Residual,14,11,0.0033081495682514,0.0587259566554899,0.4912217018182356
Nadig-HepG2,Residual,14,12,0.002855556473359,0.0587259566554899,0.4912217018182356
Nadig-HepG2,Residual,14,13,0.002404831417519,0.0587259566554899,0.4912217018182356
Nadig-HepG2,Residual,14,14,0.0022028427470748,0.0587259566554899,0.4912217018182356
Nadig-HepG2,Residual,14,15,0.0017784639047313,0.0587259566554899,0.4912217018182356
Nadig-HepG2,Residual,14,16,0.0013820822956044,0.0587259566554899,0.4912217018182356
Nadig-HepG2,Residual,14,17,0.0010569868710205,0.0587259566554899,0.4912217018182356
Nadig-HepG2,Residual,14,18,0.0009063616934699,0.0587259566554899,0.4912217018182356
Nadig-HepG2,Residual,14,19,0.0007873992930844,0.0587259566554899,0.4912217018182356
Nadig-HepG2,Residual,14,20,0.0009458210066734,0.0587259566554899,0.4912217018182356
Nadig-HepG2,Residual,15,1,0.0772129702965255,0.0587259566554899,0.4912217018182356
Nadig-HepG2,Residual,15,2,0.0202465749175472,0.0587259566554899,0.4912217018182356
Nadig-HepG2,Residual,15,3,0.0138623983343754,0.0587259566554899,0.4912217018182356
Nadig-HepG2,Residual,15,4,0.0093545008658686,0.0587259566554899,0.4912217018182356
Nadig-HepG2,Residual,15,5,0.0069344282146779,0.0587259566554899,0.4912217018182356
Nadig-HepG2,Residual,15,6,0.0058708825001082,0.0587259566554899,0.4912217018182356
Nadig-HepG2,Residual,15,7,0.0051876875123916,0.0587259566554899,0.4912217018182356
Nadig-HepG2,Residual,15,8,0.0040830445799456,0.0587259566554899,0.4912217018182356
Nadig-HepG2,Residual,15,9,0.0034246588236631,0.0587259566554899,0.4912217018182356
Nadig-HepG2,Residual,15,10,0.0029540350064067,0.0587259566554899,0.4912217018182356
Nadig-HepG2,Residual,15,11,0.002632869431359,0.0587259566554899,0.4912217018182356
Nadig-HepG2,Residual,15,12,0.0023350370945641,0.0587259566554899,0.4912217018182356
Nadig-HepG2,Residual,15,13,0.0021495490774386,0.0587259566554899,0.4912217018182356
Nadig-HepG2,Residual,15,14,0.0018587655473462,0.0587259566554899,0.4912217018182356
Nadig-HepG2,Residual,15,15,0.0015363886396098,0.0587259566554899,0.4912217018182356
Nadig-HepG2,Residual,15,16,0.0013042232557337,0.0587259566554899,0.4912217018182356
Nadig-HepG2,Residual,15,17,0.0012063403200222,0.0587259566554899,0.4912217018182356
Nadig-HepG2,Residual,15,18,0.0009950040237967,0.0587259566554899,0.4912217018182356
Nadig-HepG2,Residual,15,19,0.0010079463589712,0.0587259566554899,0.4912217018182356
Nadig-HepG2,Residual,15,20,0.0011323630386444,0.0587259566554899,0.4912217018182356
Nadig-HepG2,Residual,16,1,0.0628742767528134,0.0587259566554899,0.4912217018182356
Nadig-HepG2,Residual,16,2,0.0167995864305482,0.0587259566554899,0.4912217018182356
Nadig-HepG2,Residual,16,3,0.0105930759407064,0.0587259566554899,0.4912217018182356
Nadig-HepG2,Residual,16,4,0.0071222603078369,0.0587259566554899,0.4912217018182356
Nadig-HepG2,Residual,16,5,0.0050060609787275,0.0587259566554899,0.4912217018182356
Nadig-HepG2,Residual,16,6,0.0044652494816254,0.0587259566554899,0.4912217018182356
Nadig-HepG2,Residual,16,7,0.0035636464904755,0.0587259566554899,0.4912217018182356
Nadig-HepG2,Residual,16,8,0.003074433427697,0.0587259566554899,0.4912217018182356
Nadig-HepG2,Residual,16,9,0.0025160729125736,0.0587259566554899,0.4912217018182356
Nadig-HepG2,Residual,16,10,0.0023023484498969,0.0587259566554899,0.4912217018182356
Nadig-HepG2,Residual,16,11,0.0021194756444682,0.0587259566554899,0.4912217018182356
Nadig-HepG2,Residual,16,12,0.0016335489219992,0.0587259566554899,0.4912217018182356
Nadig-HepG2,Residual,16,13,0.0013463160139215,0.0587259566554899,0.4912217018182356
Nadig-HepG2,Residual,16,14,0.0012135785734305,0.0587259566554899,0.4912217018182356
Nadig-HepG2,Residual,16,15,0.0009381793707766,0.0587259566554899,0.4912217018182356
Nadig-HepG2,Residual,16,16,0.00092618662733,0.0587259566554899,0.4912217018182356
Nadig-HepG2,Residual,16,17,0.0009401261815843,0.0587259566554899,0.4912217018182356
Nadig-HepG2,Residual,16,18,0.0006544117752089,0.0587259566554899,0.4912217018182356
Nadig-HepG2,Residual,16,19,0.0004757365509368,0.0587259566554899,0.4912217018182356
Nadig-HepG2,Residual,16,20,0.0003383236574189,0.0587259566554899,0.4912217018182356
Nadig-HepG2,Residual,17,1,0.0465321197586474,0.0587259566554899,0.4912217018182356
Nadig-HepG2,Residual,17,2,0.0140698857704888,0.0587259566554899,0.4912217018182356
Nadig-HepG2,Residual,17,3,0.0075115144905042,0.0587259566554899,0.4912217018182356
Nadig-HepG2,Residual,17,4,0.0056695644725998,0.0587259566554899,0.4912217018182356
Nadig-HepG2,Residual,17,5,0.0041772902359266,0.0587259566554899,0.4912217018182356
Nadig-HepG2,Residual,17,6,0.0033655049793272,0.0587259566554899,0.4912217018182356
Nadig-HepG2,Residual,17,7,0.0027089016957212,0.0587259566554899,0.4912217018182356
Nadig-HepG2,Residual,17,8,0.0022843872001875,0.0587259566554899,0.4912217018182356
Nadig-HepG2,Residual,17,9,0.0018241198799369,0.0587259566554899,0.4912217018182356
Nadig-HepG2,Residual,17,10,0.0015268010401172,0.0587259566554899,0.4912217018182356
Nadig-HepG2,Residual,17,11,0.0014055384976155,0.0587259566554899,0.4912217018182356
Nadig-HepG2,Residual,17,12,0.0011222563906323,0.0587259566554899,0.4912217018182356
Nadig-HepG2,Residual,17,13,0.0009616319397808,0.0587259566554899,0.4912217018182356
Nadig-HepG2,Residual,17,14,0.0008286881573665,0.0587259566554899,0.4912217018182356
Nadig-HepG2,Residual,17,15,0.0007427872729953,0.0587259566554899,0.4912217018182356
Nadig-HepG2,Residual,17,16,0.0006314445630532,0.0587259566554899,0.4912217018182356
Nadig-HepG2,Residual,17,17,0.0004797298746972,0.0587259566554899,0.4912217018182356
Nadig-HepG2,Residual,17,18,0.0004885316366652,0.0587259566554899,0.4912217018182356
Nadig-HepG2,Residual,17,19,0.0004140075270961,0.0587259566554899,0.4912217018182356
Nadig-HepG2,Residual,17,20,0.000246735018536,0.0587259566554899,0.4912217018182356
Nadig-HepG2,Residual,18,1,0.0338657648784786,0.0587259566554899,0.4912217018182356
Nadig-HepG2,Residual,18,2,0.0098262577731007,0.0587259566554899,0.4912217018182356
Nadig-HepG2,Residual,18,3,0.0057218981395656,0.0587259566554899,0.4912217018182356
Nadig-HepG2,Residual,18,4,0.0045673981800069,0.0587259566554899,0.4912217018182356
Nadig-HepG2,Residual,18,5,0.0029405886350264,0.0587259566554899,0.4912217018182356
Nadig-HepG2,Residual,18,6,0.0024666248714624,0.0587259566554899,0.4912217018182356
Nadig-HepG2,Residual,18,7,0.0020064609054257,0.0587259566554899,0.4912217018182356
Nadig-HepG2,Residual,18,8,0.0016564520258067,0.0587259566554899,0.4912217018182356
Nadig-HepG2,Residual,18,9,0.0014198585795034,0.0587259566554899,0.4912217018182356
Nadig-HepG2,Residual,18,10,0.0011535198794684,0.0587259566554899,0.4912217018182356
Nadig-HepG2,Residual,18,11,0.0009028336850458,0.0587259566554899,0.4912217018182356
Nadig-HepG2,Residual,18,12,0.0007889802515049,0.0587259566554899,0.4912217018182356
Nadig-HepG2,Residual,18,13,0.0007038029378836,0.0587259566554899,0.4912217018182356
Nadig-HepG2,Residual,18,14,0.0007832451376601,0.0587259566554899,0.4912217018182356
Nadig-HepG2,Residual,18,15,0.000690116562246,0.0587259566554899,0.4912217018182356
Nadig-HepG2,Residual,18,16,0.0007077796142633,0.0587259566554899,0.4912217018182356
Nadig-HepG2,Residual,18,17,0.0005506510069476,0.0587259566554899,0.4912217018182356
Nadig-HepG2,Residual,18,18,0.0003690767119102,0.0587259566554899,0.4912217018182356
Nadig-HepG2,Residual,18,19,0.0002884018818912,0.0587259566554899,0.4912217018182356
Nadig-HepG2,Residual,18,20,0.0002357523420963,0.0587259566554899,0.4912217018182356
Nadig-HepG2,Residual,19,1,0.0266567496165053,0.0587259566554899,0.4912217018182356
Nadig-HepG2,Residual,19,2,0.0058039137610124,0.0587259566554899,0.4912217018182356
Nadig-HepG2,Residual,19,3,0.0037368641366698,0.0587259566554899,0.4912217018182356
Nadig-HepG2,Residual,19,4,0.0025487475339377,0.0587259566554899,0.4912217018182356
Nadig-HepG2,Residual,19,5,0.0019116297154237,0.0587259566554899,0.4912217018182356
Nadig-HepG2,Residual,19,6,0.0016741204376879,0.0587259566554899,0.4912217018182356
Nadig-HepG2,Residual,19,7,0.0012833155515091,0.0587259566554899,0.4912217018182356
Nadig-HepG2,Residual,19,8,0.00107645186165,0.0587259566554899,0.4912217018182356
Nadig-HepG2,Residual,19,9,0.0008422838188006,0.0587259566554899,0.4912217018182356
Nadig-HepG2,Residual,19,10,0.000751532942224,0.0587259566554899,0.4912217018182356
Nadig-HepG2,Residual,19,11,0.0006119440796214,0.0587259566554899,0.4912217018182356
Nadig-HepG2,Residual,19,12,0.0005433700628723,0.0587259566554899,0.4912217018182356
Nadig-HepG2,Residual,19,13,0.0005020130297798,0.0587259566554899,0.4912217018182356
Nadig-HepG2,Residual,19,14,0.0004085150110981,0.0587259566554899,0.4912217018182356
Nadig-HepG2,Residual,19,15,0.0002673669300633,0.0587259566554899,0.4912217018182356
Nadig-HepG2,Residual,19,16,0.0002294974725554,0.0587259566554899,0.4912217018182356
Nadig-HepG2,Residual,19,17,0.000180438880754,0.0587259566554899,0.4912217018182356
Nadig-HepG2,Residual,19,18,0.0001362046778584,0.0587259566554899,0.4912217018182356
Nadig-HepG2,Residual,19,19,0.0002512611949718,0.0587259566554899,0.4912217018182356
Nadig-HepG2,Residual,19,20,0.0003166268365225,0.0587259566554899,0.4912217018182356
Nadig-HepG2,Residual,20,1,0.0137833406560817,0.0587259566554899,0.4912217018182356
Nadig-HepG2,Residual,20,2,0.002910857751508,0.0587259566554899,0.4912217018182356
Nadig-HepG2,Residual,20,3,0.0017903980745028,0.0587259566554899,0.4912217018182356
Nadig-HepG2,Residual,20,4,0.0012941222964209,0.0587259566554899,0.4912217018182356
Nadig-HepG2,Residual,20,5,0.0009914556310414,0.0587259566554899,0.4912217018182356
Nadig-HepG2,Residual,20,6,0.0008519393420483,0.0587259566554899,0.4912217018182356
Nadig-HepG2,Residual,20,7,0.0007533295707734,0.0587259566554899,0.4912217018182356
Nadig-HepG2,Residual,20,8,0.0005679499728671,0.0587259566554899,0.4912217018182356
Nadig-HepG2,Residual,20,9,0.0004727658150004,0.0587259566554899,0.4912217018182356
Nadig-HepG2,Residual,20,10,0.0003836592566387,0.0587259566554899,0.4912217018182356
Nadig-HepG2,Residual,20,11,0.000394033746328,0.0587259566554899,0.4912217018182356
Nadig-HepG2,Residual,20,12,0.0002755778227051,0.0587259566554899,0.4912217018182356
Nadig-HepG2,Residual,20,13,0.0003251808721141,0.0587259566554899,0.4912217018182356
Nadig-HepG2,Residual,20,14,0.000237918031562,0.0587259566554899,0.4912217018182356
Nadig-HepG2,Residual,20,15,0.0003021648526793,0.0587259566554899,0.4912217018182356
Nadig-HepG2,Residual,20,16,0.0002479690305967,0.0587259566554899,0.4912217018182356
Nadig-HepG2,Residual,20,17,0.0002641827227641,0.0587259566554899,0.4912217018182356
Nadig-HepG2,Residual,20,18,0.0002097892629334,0.0587259566554899,0.4912217018182356
Nadig-HepG2,Residual,20,19,0.0002165766228827,0.0587259566554899,0.4912217018182356
Nadig-HepG2,Residual,20,20,0.0002196572622995,0.0587259566554899,0.4912217018182356
