panel,dataset,display_dataset,threshold,method,display_method,mean_DES_over_unique_perturbations,mean_random_DES,DES_above_random,best_available_mean_DES,normalized_DES,n_unique_perturbations,mean_thresholded_discoveries_per_perturbation,median_thresholded_discoveries_per_perturbation,aggregation_unit
Fig. 2d,VCC,VCC-H1,0.0,rejfreq,DE frequency,0.3894158754223913,0.235279190165191,0.1541366852572003,0.3894158754223913,1.0,257,2298.9844357976654,1872.0,unique held-out perturbation
Fig. 2d,VCC,VCC-H1,0.01,rejfreq,DE frequency,0.3894891978132646,0.2309977657807116,0.1584914320325529,0.3894891978132646,1.0,257,2267.953307392996,1844.0,unique held-out perturbation
Fig. 2d,VCC,VCC-H1,0.05,rejfreq,DE frequency,0.3117616344470567,0.0810847576962244,0.2306768767508322,0.3117616344470567,1.0,257,791.2918287937744,276.0,unique held-out perturbation
Fig. 2d,VCC,VCC-H1,0.1,rejfreq,DE frequency,0.2408307055213104,0.0283147811708336,0.2125159243504767,0.2408307055213104,1.0,253,273.2608695652174,55.0,unique held-out perturbation
Fig. 2d,VCC,VCC-H1,0.15,rejfreq,DE frequency,0.2032181905298237,0.0129303222944586,0.1902878682353651,0.2032181905298237,1.0,241,126.0746887966805,20.0,unique held-out perturbation
Fig. 2d,VCC,VCC-H1,0.2,rejfreq,DE frequency,0.1759582221291831,0.0065410197394528,0.1694172023897302,0.1759582221291831,1.0,229,67.9825327510917,14.0,unique held-out perturbation
Fig. 2d,VCC,VCC-H1,0.25,rejfreq,DE frequency,0.1573413636585985,0.0045686674684455,0.152772696190153,0.1573413636585985,1.0,217,40.25806451612903,9.0,unique held-out perturbation
Fig. 2d,VCC,VCC-H1,0.3,rejfreq,DE frequency,0.1341295744655182,0.0021683997370236,0.1319611747284945,0.1416309453466132,0.9462122905594,193,27.45077720207254,7.0,unique held-out perturbation
Fig. 2d,VCC,VCC-H1,0.35,rejfreq,DE frequency,0.1288383339376152,0.0033986795915807,0.1254396543460345,0.1527724261838911,0.839770422900352,179,18.89944134078212,6.0,unique held-out perturbation
Fig. 2d,VCC,VCC-H1,0.4,rejfreq,DE frequency,0.11614633177052,0.0013127229696049,0.1148336088009151,0.1630290762222843,0.7100927425780454,164,13.817073170731708,5.0,unique held-out perturbation
Fig. 2d,VCC,VCC-H1,0.45,rejfreq,DE frequency,0.0982279256438047,0.0006872800992866,0.097540645544518,0.1761850467443667,0.5557942269532152,160,9.73125,3.5,unique held-out perturbation
Fig. 2d,VCC,VCC-H1,0.5,rejfreq,DE frequency,0.0931330968548296,0.001643950263032,0.0914891465917976,0.179237775396734,0.5151595024372034,152,7.230263157894737,3.0,unique held-out perturbation
Fig. 2d,VCC,VCC-H1,0.0,weighted,Weighted,0.2732049695299625,0.235279190165191,0.0379257793647714,0.3894158754223913,0.2460529062337535,257,2298.9844357976654,1872.0,unique held-out perturbation
Fig. 2d,VCC,VCC-H1,0.01,weighted,Weighted,0.2710704793578213,0.2309977657807116,0.0400727135771097,0.3894891978132646,0.252838358914437,257,2267.953307392996,1844.0,unique held-out perturbation
Fig. 2d,VCC,VCC-H1,0.05,weighted,Weighted,0.1552006785486594,0.0810847576962244,0.0741159208524349,0.3117616344470567,0.3212975738894364,257,791.2918287937744,276.0,unique held-out perturbation
Fig. 2d,VCC,VCC-H1,0.1,weighted,Weighted,0.1207410690659171,0.0283147811708336,0.0924262878950834,0.2408307055213104,0.4349146454674897,253,273.2608695652174,55.0,unique held-out perturbation
Fig. 2d,VCC,VCC-H1,0.15,weighted,Weighted,0.117997240655628,0.0129303222944586,0.1050669183611694,0.2032181905298237,0.5521472248100086,241,126.0746887966805,20.0,unique held-out perturbation
Fig. 2d,VCC,VCC-H1,0.2,weighted,Weighted,0.1270085718615735,0.0065410197394528,0.1204675521221206,0.1759582221291831,0.71107036607177,229,67.9825327510917,14.0,unique held-out perturbation
Fig. 2d,VCC,VCC-H1,0.25,weighted,Weighted,0.1324012887929897,0.0045686674684455,0.1278326213245442,0.1573413636585985,0.8367504437143248,217,40.25806451612903,9.0,unique held-out perturbation
Fig. 2d,VCC,VCC-H1,0.3,weighted,Weighted,0.1416309453466132,0.0021683997370236,0.1394625456095895,0.1416309453466132,1.0,193,27.45077720207254,7.0,unique held-out perturbation
Fig. 2d,VCC,VCC-H1,0.35,weighted,Weighted,0.1527724261838911,0.0033986795915807,0.1493737465923103,0.1527724261838911,1.0,179,18.89944134078212,6.0,unique held-out perturbation
Fig. 2d,VCC,VCC-H1,0.4,weighted,Weighted,0.1630290762222843,0.0013127229696049,0.1617163532526793,0.1630290762222843,1.0,164,13.817073170731708,5.0,unique held-out perturbation
Fig. 2d,VCC,VCC-H1,0.45,weighted,Weighted,0.1761850467443667,0.0006872800992866,0.1754977666450801,0.1761850467443667,1.0,160,9.73125,3.5,unique held-out perturbation
Fig. 2d,VCC,VCC-H1,0.5,weighted,Weighted,0.179237775396734,0.001643950263032,0.177593825133702,0.179237775396734,1.0,152,7.230263157894737,3.0,unique held-out perturbation
Fig. 2d,VCC,VCC-H1,0.0,presage,PRESAGE,0.309324577105421,0.235279190165191,0.07404538694023,0.3894158754223913,0.4803878247198199,257,2298.9844357976654,1872.0,unique held-out perturbation
Fig. 2d,VCC,VCC-H1,0.01,presage,PRESAGE,0.3079454175272243,0.2309977657807116,0.0769476517465126,0.3894891978132646,0.4855003880002057,257,2267.953307392996,1844.0,unique held-out perturbation
Fig. 2d,VCC,VCC-H1,0.05,presage,PRESAGE,0.2151811842255584,0.0810847576962244,0.134096426529334,0.3117616344470567,0.5813171585211789,257,791.2918287937744,276.0,unique held-out perturbation
Fig. 2d,VCC,VCC-H1,0.1,presage,PRESAGE,0.167346570162289,0.0283147811708336,0.1390317889914554,0.2408307055213104,0.654218216429594,253,273.2608695652174,55.0,unique held-out perturbation
Fig. 2d,VCC,VCC-H1,0.15,presage,PRESAGE,0.1491386690444704,0.0129303222944586,0.1362083467500118,0.2032181905298237,0.7158015275127111,241,126.0746887966805,20.0,unique held-out perturbation
Fig. 2d,VCC,VCC-H1,0.2,presage,PRESAGE,0.1217405126481955,0.0065410197394528,0.1151994929087427,0.1759582221291831,0.6799751812908338,229,67.9825327510917,14.0,unique held-out perturbation
Fig. 2d,VCC,VCC-H1,0.25,presage,PRESAGE,0.1126704620369444,0.0045686674684455,0.1081017945684989,0.1573413636585985,0.7075989182906538,217,40.25806451612903,9.0,unique held-out perturbation
Fig. 2d,VCC,VCC-H1,0.3,presage,PRESAGE,0.098696838938325,0.0021683997370236,0.0965284392013013,0.1416309453466132,0.6921459720914771,193,27.45077720207254,7.0,unique held-out perturbation
Fig. 2d,VCC,VCC-H1,0.35,presage,PRESAGE,0.0940591905374847,0.0033986795915807,0.090660510945904,0.1527724261838911,0.6069373836712155,179,18.89944134078212,6.0,unique held-out perturbation
Fig. 2d,VCC,VCC-H1,0.4,presage,PRESAGE,0.0887478440890328,0.0013127229696049,0.0874351211194278,0.1630290762222843,0.5406696314924427,164,13.817073170731708,5.0,unique held-out perturbation
Fig. 2d,VCC,VCC-H1,0.45,presage,PRESAGE,0.0766511542715643,0.0006872800992866,0.0759638741722776,0.1761850467443667,0.4328480961578504,160,9.73125,3.5,unique held-out perturbation
Fig. 2d,VCC,VCC-H1,0.5,presage,PRESAGE,0.0683936046109546,0.001643950263032,0.0667496543479225,0.179237775396734,0.3758557162540415,152,7.230263157894737,3.0,unique held-out perturbation
Fig. 2d,VCC,VCC-H1,0.0,linear_otherds,Linear (cross-dataset),0.3306258116798465,0.235279190165191,0.0953466215146555,0.3894158754223913,0.6185848706656386,257,2298.9844357976654,1872.0,unique held-out perturbation
Fig. 2d,VCC,VCC-H1,0.01,linear_otherds,Linear (cross-dataset),0.330245113071077,0.2309977657807116,0.0992473472903654,0.3894891978132646,0.6262000791940651,257,2267.953307392996,1844.0,unique held-out perturbation
Fig. 2d,VCC,VCC-H1,0.05,linear_otherds,Linear (cross-dataset),0.2319450474013863,0.0810847576962244,0.1508602897051618,0.3117616344470567,0.6539896492014454,257,791.2918287937744,276.0,unique held-out perturbation
Fig. 2d,VCC,VCC-H1,0.1,linear_otherds,Linear (cross-dataset),0.1711311337536306,0.0283147811708336,0.1428163525827969,0.2408307055213104,0.6720265929214192,253,273.2608695652174,55.0,unique held-out perturbation
Fig. 2d,VCC,VCC-H1,0.15,linear_otherds,Linear (cross-dataset),0.1503475781001142,0.0129303222944586,0.1374172558056556,0.2032181905298237,0.7221545812667659,241,126.0746887966805,20.0,unique held-out perturbation
Fig. 2d,VCC,VCC-H1,0.2,linear_otherds,Linear (cross-dataset),0.1313923187041693,0.0065410197394528,0.1248512989647165,0.1759582221291831,0.7369458189818673,229,67.9825327510917,14.0,unique held-out perturbation
Fig. 2d,VCC,VCC-H1,0.25,linear_otherds,Linear (cross-dataset),0.1232177886071005,0.0045686674684455,0.118649121138655,0.1573413636585985,0.7766382612700304,217,40.25806451612903,9.0,unique held-out perturbation
Fig. 2d,VCC,VCC-H1,0.3,linear_otherds,Linear (cross-dataset),0.1057241547651298,0.0021683997370236,0.1035557550281061,0.1416309453466132,0.7425345247748408,193,27.45077720207254,7.0,unique held-out perturbation
Fig. 2d,VCC,VCC-H1,0.35,linear_otherds,Linear (cross-dataset),0.0995468470585731,0.0033986795915807,0.0961481674669923,0.1527724261838911,0.643675141451811,179,18.89944134078212,6.0,unique held-out perturbation
Fig. 2d,VCC,VCC-H1,0.4,linear_otherds,Linear (cross-dataset),0.1025606082891835,0.0013127229696049,0.1012478853195785,0.1630290762222843,0.6260831590815078,164,13.817073170731708,5.0,unique held-out perturbation
Fig. 2d,VCC,VCC-H1,0.45,linear_otherds,Linear (cross-dataset),0.0891818803472495,0.0006872800992866,0.0884946002479628,0.1761850467443667,0.504249153363478,160,9.73125,3.5,unique held-out perturbation
Fig. 2d,VCC,VCC-H1,0.5,linear_otherds,Linear (cross-dataset),0.082336601427246,0.001643950263032,0.0806926511642139,0.179237775396734,0.4543663108977142,152,7.230263157894737,3.0,unique held-out perturbation
Fig. 2d,VCC,VCC-H1,0.0,linear_train,Linear (training),0.3257112858276808,0.235279190165191,0.0904320956624897,0.3894158754223913,0.5867006644887308,257,2298.9844357976654,1872.0,unique held-out perturbation
Fig. 2d,VCC,VCC-H1,0.01,linear_train,Linear (training),0.3249815401995005,0.2309977657807116,0.0939837744187889,0.3894891978132646,0.5929896223001213,257,2267.953307392996,1844.0,unique held-out perturbation
Fig. 2d,VCC,VCC-H1,0.05,linear_train,Linear (training),0.2240662466104159,0.0810847576962244,0.1429814889141915,0.3117616344470567,0.619834510195117,257,791.2918287937744,276.0,unique held-out perturbation
Fig. 2d,VCC,VCC-H1,0.1,linear_train,Linear (training),0.1613485988409879,0.0283147811708336,0.1330338176701543,0.2408307055213104,0.6259945840611819,253,273.2608695652174,55.0,unique held-out perturbation
Fig. 2d,VCC,VCC-H1,0.15,linear_train,Linear (training),0.1304694985002149,0.0129303222944586,0.1175391762057562,0.2032181905298237,0.6176913814619714,241,126.0746887966805,20.0,unique held-out perturbation
Fig. 2d,VCC,VCC-H1,0.2,linear_train,Linear (training),0.1099794419054315,0.0065410197394528,0.1034384221659787,0.1759582221291831,0.6105544224961713,229,67.9825327510917,14.0,unique held-out perturbation
Fig. 2d,VCC,VCC-H1,0.25,linear_train,Linear (training),0.0838350553818605,0.0045686674684455,0.0792663879134149,0.1573413636585985,0.5188517967553166,217,40.25806451612903,9.0,unique held-out perturbation
Fig. 2d,VCC,VCC-H1,0.3,linear_train,Linear (training),0.0801574263064184,0.0021683997370236,0.0779890265693947,0.1416309453466132,0.559211265135778,193,27.45077720207254,7.0,unique held-out perturbation
Fig. 2d,VCC,VCC-H1,0.35,linear_train,Linear (training),0.0789175899994001,0.0033986795915807,0.0755189104078193,0.1527724261838911,0.5055701696626456,179,18.89944134078212,6.0,unique held-out perturbation
Fig. 2d,VCC,VCC-H1,0.4,linear_train,Linear (training),0.0651976244955313,0.0013127229696049,0.0638849015259263,0.1630290762222843,0.3950429269580867,164,13.817073170731708,5.0,unique held-out perturbation
Fig. 2d,VCC,VCC-H1,0.45,linear_train,Linear (training),0.0553320232773986,0.0006872800992866,0.0546447431781119,0.1761850467443667,0.3113700203867743,160,9.73125,3.5,unique held-out perturbation
Fig. 2d,VCC,VCC-H1,0.5,linear_train,Linear (training),0.0503022802140806,0.001643950263032,0.0486583299510485,0.179237775396734,0.2739866091313478,152,7.230263157894737,3.0,unique held-out perturbation
Fig. 2d,Replogle-E-rpe1,Replogle-E-RPE1,0.0,rejfreq,DE frequency,0.2563584485082837,0.0524950276862328,0.2038634208220509,0.2563584485082837,1.0,1490,414.74362416107385,217.0,unique held-out perturbation
Fig. 2d,Replogle-E-rpe1,Replogle-E-RPE1,0.01,rejfreq,DE frequency,0.2563644439218877,0.0526243233704234,0.2037401205514642,0.2563644439218877,1.0,1490,414.7,217.0,unique held-out perturbation
Fig. 2d,Replogle-E-rpe1,Replogle-E-RPE1,0.05,rejfreq,DE frequency,0.2578439702430015,0.0504986022100925,0.2073453680329089,0.2578439702430015,1.0,1490,397.44496644295305,210.0,unique held-out perturbation
Fig. 2d,Replogle-E-rpe1,Replogle-E-RPE1,0.1,rejfreq,DE frequency,0.2498378468485081,0.0409028097013092,0.2089350371471989,0.2523452416602389,0.9881414776187504,1490,321.4469798657718,178.5,unique held-out perturbation
Fig. 2d,Replogle-E-rpe1,Replogle-E-RPE1,0.15,rejfreq,DE frequency,0.2376976870642107,0.0284240699303874,0.2092736171338233,0.2568278617117063,0.9162440583919405,1488,223.1834677419355,122.0,unique held-out perturbation
Fig. 2d,Replogle-E-rpe1,Replogle-E-RPE1,0.2,rejfreq,DE frequency,0.2240310386589147,0.0181050277263245,0.2059260109325901,0.2588177177697811,0.8554846480898611,1482,144.91632928475033,74.0,unique held-out perturbation
Fig. 2d,Replogle-E-rpe1,Replogle-E-RPE1,0.25,rejfreq,DE frequency,0.2082499441909949,0.0119376725309029,0.1963122716600919,0.2598237963110451,0.7919453847049841,1468,93.9550408719346,44.0,unique held-out perturbation
Fig. 2d,Replogle-E-rpe1,Replogle-E-RPE1,0.3,rejfreq,DE frequency,0.1880148407048821,0.0076583622856511,0.1803564784192309,0.2560294244067391,0.7261573746916702,1443,62.21344421344421,27.0,unique held-out perturbation
Fig. 2d,Replogle-E-rpe1,Replogle-E-RPE1,0.35,rejfreq,DE frequency,0.1711090021014719,0.0054179177506204,0.1656910843508515,0.2568620574438083,0.6589578287767127,1395,42.71254480286738,17.0,unique held-out perturbation
Fig. 2d,Replogle-E-rpe1,Replogle-E-RPE1,0.4,rejfreq,DE frequency,0.159430254863925,0.0042508418032093,0.1551794130607157,0.2543388476978794,0.6204992218862061,1352,29.94674556213018,12.0,unique held-out perturbation
Fig. 2d,Replogle-E-rpe1,Replogle-E-RPE1,0.45,rejfreq,DE frequency,0.1486993619738402,0.0027578824554139,0.1459414795184263,0.2512979087318513,0.5871950755976167,1297,21.72243639167309,9.0,unique held-out perturbation
Fig. 2d,Replogle-E-rpe1,Replogle-E-RPE1,0.5,rejfreq,DE frequency,0.1463001656590167,0.0015166262426366,0.14478353941638,0.2514080922698704,0.5793856897882268,1218,16.351395730706077,6.0,unique held-out perturbation
Fig. 2d,Replogle-E-rpe1,Replogle-E-RPE1,0.0,weighted,Weighted,0.1984678543966595,0.0524950276862328,0.1459728267104266,0.2563584485082837,0.7160324599764467,1490,414.74362416107385,217.0,unique held-out perturbation
Fig. 2d,Replogle-E-rpe1,Replogle-E-RPE1,0.01,weighted,Weighted,0.1984743251175032,0.0526243233704234,0.1458500017470797,0.2563644439218877,0.7158629402608918,1490,414.7,217.0,unique held-out perturbation
Fig. 2d,Replogle-E-rpe1,Replogle-E-RPE1,0.05,weighted,Weighted,0.1987290419517751,0.0504986022100925,0.1482304397416826,0.2578439702430015,0.7148963159772933,1490,397.44496644295305,210.0,unique held-out perturbation
Fig. 2d,Replogle-E-rpe1,Replogle-E-RPE1,0.1,weighted,Weighted,0.1993415431708583,0.0409028097013092,0.1584387334695491,0.2523452416602389,0.7493232649741945,1490,321.4469798657718,178.5,unique held-out perturbation
Fig. 2d,Replogle-E-rpe1,Replogle-E-RPE1,0.15,weighted,Weighted,0.1996321889486032,0.0284240699303874,0.1712081190182158,0.2568278617117063,0.7495852747582051,1488,223.1834677419355,122.0,unique held-out perturbation
Fig. 2d,Replogle-E-rpe1,Replogle-E-RPE1,0.2,weighted,Weighted,0.2002172474261035,0.0181050277263245,0.1821122196997789,0.2588177177697811,0.7565542957743596,1482,144.91632928475033,74.0,unique held-out perturbation
Fig. 2d,Replogle-E-rpe1,Replogle-E-RPE1,0.25,weighted,Weighted,0.2048914294791331,0.0119376725309029,0.1929537569482302,0.2598237963110451,0.7783967654412429,1468,93.9550408719346,44.0,unique held-out perturbation
Fig. 2d,Replogle-E-rpe1,Replogle-E-RPE1,0.3,weighted,Weighted,0.20867723760055,0.0076583622856511,0.2010188753148988,0.2560294244067391,0.8093490183526149,1443,62.21344421344421,27.0,unique held-out perturbation
Fig. 2d,Replogle-E-rpe1,Replogle-E-RPE1,0.35,weighted,Weighted,0.2183921011373572,0.0054179177506204,0.2129741833867367,0.2568620574438083,0.8470039653602898,1395,42.71254480286738,17.0,unique held-out perturbation
Fig. 2d,Replogle-E-rpe1,Replogle-E-RPE1,0.4,weighted,Weighted,0.2217702700684987,0.0042508418032093,0.2175194282652894,0.2543388476978794,0.8697715329734859,1352,29.94674556213018,12.0,unique held-out perturbation
Fig. 2d,Replogle-E-rpe1,Replogle-E-RPE1,0.45,weighted,Weighted,0.2280790787606051,0.0027578824554139,0.2253211963051911,0.2512979087318513,0.906579111947863,1297,21.72243639167309,9.0,unique held-out perturbation
Fig. 2d,Replogle-E-rpe1,Replogle-E-RPE1,0.5,weighted,Weighted,0.2373381060962037,0.0015166262426366,0.235821479853567,0.2514080922698704,0.9436956115494824,1218,16.351395730706077,6.0,unique held-out perturbation
Fig. 2d,Replogle-E-rpe1,Replogle-E-RPE1,0.0,presage,PRESAGE,0.246002998940115,0.0524950276862328,0.1935079712538822,0.2563584485082837,0.9492039840869352,1490,414.74362416107385,217.0,unique held-out perturbation
Fig. 2d,Replogle-E-rpe1,Replogle-E-RPE1,0.01,presage,PRESAGE,0.2460121407888534,0.0526243233704234,0.1933878174184299,0.2563644439218877,0.9491886865237262,1490,414.7,217.0,unique held-out perturbation
Fig. 2d,Replogle-E-rpe1,Replogle-E-RPE1,0.05,presage,PRESAGE,0.2478241005146889,0.0504986022100925,0.1973254983045964,0.2578439702430015,0.9516754590499352,1490,397.44496644295305,210.0,unique held-out perturbation
Fig. 2d,Replogle-E-rpe1,Replogle-E-RPE1,0.1,presage,PRESAGE,0.2523452416602389,0.0409028097013092,0.2114424319589297,0.2523452416602389,1.0,1490,321.4469798657718,178.5,unique held-out perturbation
Fig. 2d,Replogle-E-rpe1,Replogle-E-RPE1,0.15,presage,PRESAGE,0.2568278617117063,0.0284240699303874,0.2284037917813189,0.2568278617117063,1.0,1488,223.1834677419355,122.0,unique held-out perturbation
Fig. 2d,Replogle-E-rpe1,Replogle-E-RPE1,0.2,presage,PRESAGE,0.2588177177697811,0.0181050277263245,0.2407126900434564,0.2588177177697811,1.0,1482,144.91632928475033,74.0,unique held-out perturbation
Fig. 2d,Replogle-E-rpe1,Replogle-E-RPE1,0.25,presage,PRESAGE,0.2598237963110451,0.0119376725309029,0.2478861237801421,0.2598237963110451,1.0,1468,93.9550408719346,44.0,unique held-out perturbation
Fig. 2d,Replogle-E-rpe1,Replogle-E-RPE1,0.3,presage,PRESAGE,0.2560294244067391,0.0076583622856511,0.2483710621210879,0.2560294244067391,1.0,1443,62.21344421344421,27.0,unique held-out perturbation
Fig. 2d,Replogle-E-rpe1,Replogle-E-RPE1,0.35,presage,PRESAGE,0.2568620574438083,0.0054179177506204,0.2514441396931878,0.2568620574438083,1.0,1395,42.71254480286738,17.0,unique held-out perturbation
Fig. 2d,Replogle-E-rpe1,Replogle-E-RPE1,0.4,presage,PRESAGE,0.2543388476978794,0.0042508418032093,0.2500880058946701,0.2543388476978794,1.0,1352,29.94674556213018,12.0,unique held-out perturbation
Fig. 2d,Replogle-E-rpe1,Replogle-E-RPE1,0.45,presage,PRESAGE,0.2512979087318513,0.0027578824554139,0.2485400262764374,0.2512979087318513,1.0,1297,21.72243639167309,9.0,unique held-out perturbation
Fig. 2d,Replogle-E-rpe1,Replogle-E-RPE1,0.5,presage,PRESAGE,0.2514080922698704,0.0015166262426366,0.2498914660272337,0.2514080922698704,1.0,1218,16.351395730706077,6.0,unique held-out perturbation
Fig. 2d,Replogle-E-rpe1,Replogle-E-RPE1,0.0,linear_otherds,Linear (cross-dataset),0.2201228473283733,0.0524950276862328,0.1676278196421404,0.2563584485082837,0.8222555030529979,1490,414.74362416107385,217.0,unique held-out perturbation
Fig. 2d,Replogle-E-rpe1,Replogle-E-RPE1,0.01,linear_otherds,Linear (cross-dataset),0.2201310954064215,0.0526243233704234,0.167506772035998,0.2563644439218877,0.8221589914770185,1490,414.7,217.0,unique held-out perturbation
Fig. 2d,Replogle-E-rpe1,Replogle-E-RPE1,0.05,linear_otherds,Linear (cross-dataset),0.2213782867758022,0.0504986022100925,0.1708796845657096,0.2578439702430015,0.8241307061105334,1490,397.44496644295305,210.0,unique held-out perturbation
Fig. 2d,Replogle-E-rpe1,Replogle-E-RPE1,0.1,linear_otherds,Linear (cross-dataset),0.2186185386172163,0.0409028097013092,0.1777157289159071,0.2523452416602389,0.8404922667103376,1490,321.4469798657718,178.5,unique held-out perturbation
Fig. 2d,Replogle-E-rpe1,Replogle-E-RPE1,0.15,linear_otherds,Linear (cross-dataset),0.2105694401513505,0.0284240699303874,0.1821453702209631,0.2568278617117063,0.7974708685894101,1488,223.1834677419355,122.0,unique held-out perturbation
Fig. 2d,Replogle-E-rpe1,Replogle-E-RPE1,0.2,linear_otherds,Linear (cross-dataset),0.1996418471426831,0.0181050277263245,0.1815368194163585,0.2588177177697811,0.7541638929945292,1482,144.91632928475033,74.0,unique held-out perturbation
Fig. 2d,Replogle-E-rpe1,Replogle-E-RPE1,0.25,linear_otherds,Linear (cross-dataset),0.1898443847084494,0.0119376725309029,0.1779067121775464,0.2598237963110451,0.7176953250329471,1468,93.9550408719346,44.0,unique held-out perturbation
Fig. 2d,Replogle-E-rpe1,Replogle-E-RPE1,0.3,linear_otherds,Linear (cross-dataset),0.179662638822722,0.0076583622856511,0.1720042765370709,0.2560294244067391,0.6925294560008523,1443,62.21344421344421,27.0,unique held-out perturbation
Fig. 2d,Replogle-E-rpe1,Replogle-E-RPE1,0.35,linear_otherds,Linear (cross-dataset),0.1723773840338164,0.0054179177506204,0.166959466283196,0.2568620574438083,0.6640022172993173,1395,42.71254480286738,17.0,unique held-out perturbation
Fig. 2d,Replogle-E-rpe1,Replogle-E-RPE1,0.4,linear_otherds,Linear (cross-dataset),0.1638165939691456,0.0042508418032093,0.1595657521659362,0.2543388476978794,0.6380384041013978,1352,29.94674556213018,12.0,unique held-out perturbation
Fig. 2d,Replogle-E-rpe1,Replogle-E-RPE1,0.45,linear_otherds,Linear (cross-dataset),0.159295425574634,0.0027578824554139,0.15653754311922,0.2512979087318513,0.6298283035711597,1297,21.72243639167309,9.0,unique held-out perturbation
Fig. 2d,Replogle-E-rpe1,Replogle-E-RPE1,0.5,linear_otherds,Linear (cross-dataset),0.1553330751078024,0.0015166262426366,0.1538164488651657,0.2514080922698704,0.6155330204369704,1218,16.351395730706077,6.0,unique held-out perturbation
Fig. 2d,Replogle-E-rpe1,Replogle-E-RPE1,0.0,linear_train,Linear (training),0.1880784638049881,0.0524950276862328,0.1355834361187552,0.2563584485082837,0.6650699550318244,1490,414.74362416107385,217.0,unique held-out perturbation
Fig. 2d,Replogle-E-rpe1,Replogle-E-RPE1,0.01,linear_train,Linear (training),0.188082268939449,0.0526243233704234,0.1354579455690255,0.2563644439218877,0.664856510354372,1490,414.7,217.0,unique held-out perturbation
Fig. 2d,Replogle-E-rpe1,Replogle-E-RPE1,0.05,linear_train,Linear (training),0.1888272715108929,0.0504986022100925,0.1383286693008003,0.2578439702430015,0.6671413526770729,1490,397.44496644295305,210.0,unique held-out perturbation
Fig. 2d,Replogle-E-rpe1,Replogle-E-RPE1,0.1,linear_train,Linear (training),0.1847551657462496,0.0409028097013092,0.1438523560449404,0.2523452416602389,0.6803381644460186,1490,321.4469798657718,178.5,unique held-out perturbation
Fig. 2d,Replogle-E-rpe1,Replogle-E-RPE1,0.15,linear_train,Linear (training),0.1729693877268828,0.0284240699303874,0.1445453177964954,0.2568278617117063,0.6328499044135297,1488,223.1834677419355,122.0,unique held-out perturbation
Fig. 2d,Replogle-E-rpe1,Replogle-E-RPE1,0.2,linear_train,Linear (training),0.1556690019871096,0.0181050277263245,0.137563974260785,0.2588177177697811,0.5714861739775756,1482,144.91632928475033,74.0,unique held-out perturbation
Fig. 2d,Replogle-E-rpe1,Replogle-E-RPE1,0.25,linear_train,Linear (training),0.1412495785707967,0.0119376725309029,0.1293119060398938,0.2598237963110451,0.5216585102382921,1468,93.9550408719346,44.0,unique held-out perturbation
Fig. 2d,Replogle-E-rpe1,Replogle-E-RPE1,0.3,linear_train,Linear (training),0.1280798007180273,0.0076583622856511,0.1204214384323761,0.2560294244067391,0.4848448825075575,1443,62.21344421344421,27.0,unique held-out perturbation
Fig. 2d,Replogle-E-rpe1,Replogle-E-RPE1,0.35,linear_train,Linear (training),0.1172744905065513,0.0054179177506204,0.1118565727559308,0.2568620574438083,0.4448565510113628,1395,42.71254480286738,17.0,unique held-out perturbation
Fig. 2d,Replogle-E-rpe1,Replogle-E-RPE1,0.4,linear_train,Linear (training),0.1062456644198692,0.0042508418032093,0.1019948226166598,0.2543388476978794,0.4078357226760293,1352,29.94674556213018,12.0,unique held-out perturbation
Fig. 2d,Replogle-E-rpe1,Replogle-E-RPE1,0.45,linear_train,Linear (training),0.1019416673905442,0.0027578824554139,0.0991837849351303,0.2512979087318513,0.3990656411406895,1297,21.72243639167309,9.0,unique held-out perturbation
Fig. 2d,Replogle-E-rpe1,Replogle-E-RPE1,0.5,linear_train,Linear (training),0.0938720050087766,0.0015166262426366,0.0923553787661399,0.2514080922698704,0.3695819638597618,1218,16.351395730706077,6.0,unique held-out perturbation
Fig. 2d,Feng-ts,Feng-TS-iPSC,0.0,rejfreq,DE frequency,0.258751869726413,0.0928094466045977,0.1659424231218152,0.2662885758784438,0.9565555454216416,244,837.1844262295082,465.5,unique held-out perturbation
Fig. 2d,Feng-ts,Feng-TS-iPSC,0.01,rejfreq,DE frequency,0.2587351258498531,0.0930302717786401,0.165704854071213,0.2662475955580949,0.956629801544522,244,836.0081967213115,465.0,unique held-out perturbation
Fig. 2d,Feng-ts,Feng-TS-iPSC,0.05,rejfreq,DE frequency,0.2111393843967677,0.0262432844305053,0.1848960999662623,0.2360258313642826,0.8813702696851571,244,228.6762295081967,90.0,unique held-out perturbation
Fig. 2d,Feng-ts,Feng-TS-iPSC,0.1,rejfreq,DE frequency,0.1301974031502882,0.0034920723205384,0.1267053308297497,0.1995645650283243,0.6462167593216831,234,41.623931623931625,17.5,unique held-out perturbation
Fig. 2d,Feng-ts,Feng-TS-iPSC,0.15,rejfreq,DE frequency,0.1223788406937443,0.0015013396419987,0.1208775010517455,0.1818529438817047,0.6702324692997286,203,14.098522167487683,6.0,unique held-out perturbation
Fig. 2d,Feng-ts,Feng-TS-iPSC,0.2,rejfreq,DE frequency,0.1192096095700978,0.0,0.1192096095700978,0.1729445850176476,0.6892936807355572,163,6.398773006134969,3.0,unique held-out perturbation
Fig. 2d,Feng-ts,Feng-TS-iPSC,0.25,rejfreq,DE frequency,0.1087069600739118,0.0,0.1087069600739118,0.1936600245358182,0.5613288562493497,118,3.8813559322033897,2.0,unique held-out perturbation
Fig. 2d,Feng-ts,Feng-TS-iPSC,0.3,rejfreq,DE frequency,0.088824802648332,0.0003676470588235,0.0884571555895085,0.2200160215601392,0.4027216490462973,85,2.9176470588235293,2.0,unique held-out perturbation
Fig. 2d,Feng-ts,Feng-TS-iPSC,0.35,rejfreq,DE frequency,0.1102001965119135,0.0,0.1102001965119135,0.2134303610906411,0.5163285858149906,59,2.406779661016949,1.0,unique held-out perturbation
Fig. 2d,Feng-ts,Feng-TS-iPSC,0.4,rejfreq,DE frequency,0.0918560606060606,0.0,0.0918560606060606,0.2305258467023172,0.3984631741735937,44,2.113636363636364,1.0,unique held-out perturbation
Fig. 2d,Feng-ts,Feng-TS-iPSC,0.45,rejfreq,DE frequency,0.125,0.0,0.125,0.2210884353741496,0.5653846153846154,28,2.071428571428572,1.0,unique held-out perturbation
Fig. 2d,Feng-ts,Feng-TS-iPSC,0.5,rejfreq,DE frequency,0.15,0.0,0.15,0.2958333333333333,0.5070422535211269,20,2.1,1.5,unique held-out perturbation
Fig. 2d,Feng-ts,Feng-TS-iPSC,0.0,weighted,Weighted,0.2662885758784438,0.0928094466045977,0.173479129273846,0.2662885758784438,1.0,244,837.1844262295082,465.5,unique held-out perturbation
Fig. 2d,Feng-ts,Feng-TS-iPSC,0.01,weighted,Weighted,0.2662475955580949,0.0930302717786401,0.1732173237794548,0.2662475955580949,1.0,244,836.0081967213115,465.0,unique held-out perturbation
Fig. 2d,Feng-ts,Feng-TS-iPSC,0.05,weighted,Weighted,0.2360258313642826,0.0262432844305053,0.2097825469337772,0.2360258313642826,1.0,244,228.6762295081967,90.0,unique held-out perturbation
Fig. 2d,Feng-ts,Feng-TS-iPSC,0.1,weighted,Weighted,0.1995645650283243,0.0034920723205384,0.1960724927077858,0.1995645650283243,1.0,234,41.623931623931625,17.5,unique held-out perturbation
Fig. 2d,Feng-ts,Feng-TS-iPSC,0.15,weighted,Weighted,0.1818529438817047,0.0015013396419987,0.1803516042397059,0.1818529438817047,1.0,203,14.098522167487683,6.0,unique held-out perturbation
Fig. 2d,Feng-ts,Feng-TS-iPSC,0.2,weighted,Weighted,0.1729445850176476,0.0,0.1729445850176476,0.1729445850176476,1.0,163,6.398773006134969,3.0,unique held-out perturbation
Fig. 2d,Feng-ts,Feng-TS-iPSC,0.25,weighted,Weighted,0.1936600245358182,0.0,0.1936600245358182,0.1936600245358182,1.0,118,3.8813559322033897,2.0,unique held-out perturbation
Fig. 2d,Feng-ts,Feng-TS-iPSC,0.3,weighted,Weighted,0.2200160215601392,0.0003676470588235,0.2196483745013157,0.2200160215601392,1.0,85,2.9176470588235293,2.0,unique held-out perturbation
Fig. 2d,Feng-ts,Feng-TS-iPSC,0.35,weighted,Weighted,0.2134303610906411,0.0,0.2134303610906411,0.2134303610906411,1.0,59,2.406779661016949,1.0,unique held-out perturbation
Fig. 2d,Feng-ts,Feng-TS-iPSC,0.4,weighted,Weighted,0.2305258467023172,0.0,0.2305258467023172,0.2305258467023172,1.0,44,2.113636363636364,1.0,unique held-out perturbation
Fig. 2d,Feng-ts,Feng-TS-iPSC,0.45,weighted,Weighted,0.2210884353741496,0.0,0.2210884353741496,0.2210884353741496,1.0,28,2.071428571428572,1.0,unique held-out perturbation
Fig. 2d,Feng-ts,Feng-TS-iPSC,0.5,weighted,Weighted,0.2958333333333333,0.0,0.2958333333333333,0.2958333333333333,1.0,20,2.1,1.5,unique held-out perturbation
Fig. 2d,Feng-ts,Feng-TS-iPSC,0.0,presage,PRESAGE,0.2187165516839107,0.0928094466045977,0.125907105079313,0.2662885758784438,0.7257766718471471,244,837.1844262295082,465.5,unique held-out perturbation
Fig. 2d,Feng-ts,Feng-TS-iPSC,0.01,presage,PRESAGE,0.2187126350477742,0.0930302717786401,0.125682363269134,0.2662475955580949,0.7255761752164951,244,836.0081967213115,465.0,unique held-out perturbation
Fig. 2d,Feng-ts,Feng-TS-iPSC,0.05,presage,PRESAGE,0.1909472501377525,0.0262432844305053,0.1647039657072471,0.2360258313642826,0.7851175806309557,244,228.6762295081967,90.0,unique held-out perturbation
Fig. 2d,Feng-ts,Feng-TS-iPSC,0.1,presage,PRESAGE,0.1692896401228394,0.0034920723205384,0.1657975678023009,0.1995645650283243,0.8455932064340878,234,41.623931623931625,17.5,unique held-out perturbation
Fig. 2d,Feng-ts,Feng-TS-iPSC,0.15,presage,PRESAGE,0.1641639730008402,0.0015013396419987,0.1626626333588414,0.1818529438817047,0.9019195257206916,203,14.098522167487683,6.0,unique held-out perturbation
Fig. 2d,Feng-ts,Feng-TS-iPSC,0.2,presage,PRESAGE,0.1517631142735092,0.0,0.1517631142735092,0.1729445850176476,0.8775245218462489,163,6.398773006134969,3.0,unique held-out perturbation
Fig. 2d,Feng-ts,Feng-TS-iPSC,0.25,presage,PRESAGE,0.137783991071169,0.0,0.137783991071169,0.1936600245358182,0.7114735805772104,118,3.8813559322033897,2.0,unique held-out perturbation
Fig. 2d,Feng-ts,Feng-TS-iPSC,0.3,presage,PRESAGE,0.1236134453781512,0.0003676470588235,0.1232457983193277,0.2200160215601392,0.5611049870008916,85,2.9176470588235293,2.0,unique held-out perturbation
Fig. 2d,Feng-ts,Feng-TS-iPSC,0.35,presage,PRESAGE,0.1129943502824858,0.0,0.1129943502824858,0.2134303610906411,0.5294202273054236,59,2.406779661016949,1.0,unique held-out perturbation
Fig. 2d,Feng-ts,Feng-TS-iPSC,0.4,presage,PRESAGE,0.1136363636363636,0.0,0.1136363636363636,0.2305258467023172,0.4929441329982602,44,2.113636363636364,1.0,unique held-out perturbation
Fig. 2d,Feng-ts,Feng-TS-iPSC,0.45,presage,PRESAGE,0.1709183673469387,0.0,0.1709183673469387,0.2210884353741496,0.7730769230769231,28,2.071428571428572,1.0,unique held-out perturbation
Fig. 2d,Feng-ts,Feng-TS-iPSC,0.5,presage,PRESAGE,0.1666666666666666,0.0,0.1666666666666666,0.2958333333333333,0.5633802816901409,20,2.1,1.5,unique held-out perturbation
Fig. 2d,Feng-ts,Feng-TS-iPSC,0.0,linear_otherds,Linear (cross-dataset),0.2137665070747741,0.0928094466045977,0.1209570604701763,0.2662885758784438,0.697242722951642,244,837.1844262295082,465.5,unique held-out perturbation
Fig. 2d,Feng-ts,Feng-TS-iPSC,0.01,linear_otherds,Linear (cross-dataset),0.2137578345731544,0.0930302717786401,0.1207275627945143,0.2662475955580949,0.6969716432533507,244,836.0081967213115,465.0,unique held-out perturbation
Fig. 2d,Feng-ts,Feng-TS-iPSC,0.05,linear_otherds,Linear (cross-dataset),0.156257629723237,0.0262432844305053,0.1300143452927316,0.2360258313642826,0.619757683339471,244,228.6762295081967,90.0,unique held-out perturbation
Fig. 2d,Feng-ts,Feng-TS-iPSC,0.1,linear_otherds,Linear (cross-dataset),0.1080547954069826,0.0034920723205384,0.1045627230864441,0.1995645650283243,0.533286039476623,234,41.623931623931625,17.5,unique held-out perturbation
Fig. 2d,Feng-ts,Feng-TS-iPSC,0.15,linear_otherds,Linear (cross-dataset),0.0922261390053759,0.0015013396419987,0.0907247993633771,0.1818529438817047,0.5030440385924957,203,14.098522167487683,6.0,unique held-out perturbation
Fig. 2d,Feng-ts,Feng-TS-iPSC,0.2,linear_otherds,Linear (cross-dataset),0.0796639316850981,0.0,0.0796639316850981,0.1729445850176476,0.4606327031110516,163,6.398773006134969,3.0,unique held-out perturbation
Fig. 2d,Feng-ts,Feng-TS-iPSC,0.25,linear_otherds,Linear (cross-dataset),0.0906857245912448,0.0,0.0906857245912448,0.1936600245358182,0.4682728137033369,118,3.8813559322033897,2.0,unique held-out perturbation
Fig. 2d,Feng-ts,Feng-TS-iPSC,0.3,linear_otherds,Linear (cross-dataset),0.0912072404719463,0.0003676470588235,0.0908395934131228,0.2200160215601392,0.4135682479752596,85,2.9176470588235293,2.0,unique held-out perturbation
Fig. 2d,Feng-ts,Feng-TS-iPSC,0.35,linear_otherds,Linear (cross-dataset),0.0925755342667649,0.0,0.0925755342667649,0.2134303610906411,0.4337505394907208,59,2.406779661016949,1.0,unique held-out perturbation
Fig. 2d,Feng-ts,Feng-TS-iPSC,0.4,linear_otherds,Linear (cross-dataset),0.1125,0.0,0.1125,0.2305258467023172,0.4880146916682776,44,2.113636363636364,1.0,unique held-out perturbation
Fig. 2d,Feng-ts,Feng-TS-iPSC,0.45,linear_otherds,Linear (cross-dataset),0.1517857142857142,0.0,0.1517857142857142,0.2210884353741496,0.6865384615384615,28,2.071428571428572,1.0,unique held-out perturbation
Fig. 2d,Feng-ts,Feng-TS-iPSC,0.5,linear_otherds,Linear (cross-dataset),0.075,0.0,0.075,0.2958333333333333,0.2535211267605634,20,2.1,1.5,unique held-out perturbation
Fig. 2d,Feng-ts,Feng-TS-iPSC,0.0,linear_train,Linear (training),0.1910836532166729,0.0928094466045977,0.0982742066120751,0.2662885758784438,0.5664900845619535,244,837.1844262295082,465.5,unique held-out perturbation
Fig. 2d,Feng-ts,Feng-TS-iPSC,0.01,linear_train,Linear (training),0.1910591960675243,0.0930302717786401,0.0980289242888842,0.2662475955580949,0.5659302554154307,244,836.0081967213115,465.0,unique held-out perturbation
Fig. 2d,Feng-ts,Feng-TS-iPSC,0.05,linear_train,Linear (training),0.1375790837014887,0.0262432844305053,0.1113357992709833,0.2360258313642826,0.5307200284212826,244,228.6762295081967,90.0,unique held-out perturbation
Fig. 2d,Feng-ts,Feng-TS-iPSC,0.1,linear_train,Linear (training),0.0776101208668713,0.0034920723205384,0.0741180485463328,0.1995645650283243,0.3780134965530006,234,41.623931623931625,17.5,unique held-out perturbation
Fig. 2d,Feng-ts,Feng-TS-iPSC,0.15,linear_train,Linear (training),0.062338856921718,0.0015013396419987,0.0608375172797193,0.1818529438817047,0.3373272865311469,203,14.098522167487683,6.0,unique held-out perturbation
Fig. 2d,Feng-ts,Feng-TS-iPSC,0.2,linear_train,Linear (training),0.0526538997781525,0.0,0.0526538997781525,0.1729445850176476,0.3044553246508388,163,6.398773006134969,3.0,unique held-out perturbation
Fig. 2d,Feng-ts,Feng-TS-iPSC,0.25,linear_train,Linear (training),0.0658578561990038,0.0,0.0658578561990038,0.1936600245358182,0.340069440540751,118,3.8813559322033897,2.0,unique held-out perturbation
Fig. 2d,Feng-ts,Feng-TS-iPSC,0.3,linear_train,Linear (training),0.0711341354723707,0.0003676470588235,0.0707664884135472,0.2200160215601392,0.3221807972593184,85,2.9176470588235293,2.0,unique held-out perturbation
Fig. 2d,Feng-ts,Feng-TS-iPSC,0.35,linear_train,Linear (training),0.0545627609923851,0.0,0.0545627609923851,0.2134303610906411,0.2556466695439505,59,2.406779661016949,1.0,unique held-out perturbation
Fig. 2d,Feng-ts,Feng-TS-iPSC,0.4,linear_train,Linear (training),0.0464572192513369,0.0,0.0464572192513369,0.2305258467023172,0.2015271602551711,44,2.113636363636364,1.0,unique held-out perturbation
Fig. 2d,Feng-ts,Feng-TS-iPSC,0.45,linear_train,Linear (training),0.075,0.0,0.075,0.2210884353741496,0.3392307692307692,28,2.071428571428572,1.0,unique held-out perturbation
Fig. 2d,Feng-ts,Feng-TS-iPSC,0.5,linear_train,Linear (training),0.075,0.0,0.075,0.2958333333333333,0.2535211267605634,20,2.1,1.5,unique held-out perturbation
Supplementary Fig. S5b,Replogle-E-k562,Replogle-E-K562,0.0,rejfreq,DE frequency,0.3098771759128672,0.0754457867842123,0.2344313891286548,0.3269262241887968,0.9322052703109432,1155,577.4727272727273,223.0,unique held-out perturbation
Supplementary Fig. S5b,Replogle-E-k562,Replogle-E-K562,0.01,rejfreq,DE frequency,0.3098771759128672,0.0754457867842123,0.2344313891286548,0.3269262241887968,0.9322052703109432,1155,577.4727272727273,223.0,unique held-out perturbation
Supplementary Fig. S5b,Replogle-E-k562,Replogle-E-K562,0.05,rejfreq,DE frequency,0.3115005667136434,0.0694482842160573,0.242052282497586,0.3296690677928606,0.9301804382052564,1155,531.7290043290043,221.0,unique held-out perturbation
Supplementary Fig. S5b,Replogle-E-k562,Replogle-E-K562,0.1,rejfreq,DE frequency,0.2883773013385904,0.0423300770193354,0.2460472243192549,0.3354509410765922,0.8394053596648557,1155,324.06666666666666,176.0,unique held-out perturbation
Supplementary Fig. S5b,Replogle-E-k562,Replogle-E-K562,0.15,rejfreq,DE frequency,0.258446949218519,0.0215662730934651,0.2368806761250538,0.3397075483314307,0.7445769994725461,1155,167.59134199134198,92.0,unique held-out perturbation
Supplementary Fig. S5b,Replogle-E-k562,Replogle-E-K562,0.2,rejfreq,DE frequency,0.2456632062816723,0.0106752321902821,0.2349879740913901,0.3458352954767877,0.7011216425583345,1146,86.57068062827226,43.0,unique held-out perturbation
Supplementary Fig. S5b,Replogle-E-k562,Replogle-E-K562,0.25,rejfreq,DE frequency,0.2415956923634411,0.006394686973894,0.2352010053895471,0.3514055803972229,0.6817205191864917,1119,47.7792672028597,22.0,unique held-out perturbation
Supplementary Fig. S5b,Replogle-E-k562,Replogle-E-K562,0.3,rejfreq,DE frequency,0.2467599392382432,0.0043785548006503,0.2423813844375928,0.3665144707416929,0.6693105371991154,1069,28.738072965388213,13.0,unique held-out perturbation
Supplementary Fig. S5b,Replogle-E-k562,Replogle-E-K562,0.35,rejfreq,DE frequency,0.249535467653982,0.0025697934706057,0.2469656741833762,0.37812440339045,0.6576025634090522,1005,18.30049751243781,9.0,unique held-out perturbation
Supplementary Fig. S5b,Replogle-E-k562,Replogle-E-K562,0.4,rejfreq,DE frequency,0.2540541342241146,0.0014678161832913,0.2525863180408233,0.3847547506395262,0.6590005954655481,945,12.11111111111111,6.0,unique held-out perturbation
Supplementary Fig. S5b,Replogle-E-k562,Replogle-E-K562,0.45,rejfreq,DE frequency,0.2580153113795174,0.0009214125144942,0.2570938988650231,0.3797462903091922,0.6786616031177175,861,8.602787456445993,4.0,unique held-out perturbation
Supplementary Fig. S5b,Replogle-E-k562,Replogle-E-K562,0.5,rejfreq,DE frequency,0.2697350632671296,0.0009737670438268,0.2687612962233027,0.3889197035478748,0.6927802844005259,781,6.377720870678617,3.0,unique held-out perturbation
Supplementary Fig. S5b,Replogle-E-k562,Replogle-E-K562,0.0,presage,PRESAGE,0.3269262241887968,0.0754457867842123,0.2514804374045845,0.3269262241887968,1.0,1155,577.4727272727273,223.0,unique held-out perturbation
Supplementary Fig. S5b,Replogle-E-k562,Replogle-E-K562,0.01,presage,PRESAGE,0.3269262241887968,0.0754457867842123,0.2514804374045845,0.3269262241887968,1.0,1155,577.4727272727273,223.0,unique held-out perturbation
Supplementary Fig. S5b,Replogle-E-k562,Replogle-E-K562,0.05,presage,PRESAGE,0.3296690677928606,0.0694482842160573,0.2602207835768033,0.3296690677928606,1.0,1155,531.7290043290043,221.0,unique held-out perturbation
Supplementary Fig. S5b,Replogle-E-k562,Replogle-E-K562,0.1,presage,PRESAGE,0.3354509410765922,0.0423300770193354,0.2931208640572568,0.3354509410765922,1.0,1155,324.06666666666666,176.0,unique held-out perturbation
Supplementary Fig. S5b,Replogle-E-k562,Replogle-E-K562,0.15,presage,PRESAGE,0.3397075483314307,0.0215662730934651,0.3181412752379655,0.3397075483314307,1.0,1155,167.59134199134198,92.0,unique held-out perturbation
Supplementary Fig. S5b,Replogle-E-k562,Replogle-E-K562,0.2,presage,PRESAGE,0.3458352954767877,0.0106752321902821,0.3351600632865056,0.3458352954767877,1.0,1146,86.57068062827226,43.0,unique held-out perturbation
Supplementary Fig. S5b,Replogle-E-k562,Replogle-E-K562,0.25,presage,PRESAGE,0.3514055803972229,0.006394686973894,0.3450108934233289,0.3514055803972229,1.0,1119,47.7792672028597,22.0,unique held-out perturbation
Supplementary Fig. S5b,Replogle-E-k562,Replogle-E-K562,0.3,presage,PRESAGE,0.3665144707416929,0.0043785548006503,0.3621359159410425,0.3665144707416929,1.0,1069,28.738072965388213,13.0,unique held-out perturbation
Supplementary Fig. S5b,Replogle-E-k562,Replogle-E-K562,0.35,presage,PRESAGE,0.37812440339045,0.0025697934706057,0.3755546099198443,0.37812440339045,1.0,1005,18.30049751243781,9.0,unique held-out perturbation
Supplementary Fig. S5b,Replogle-E-k562,Replogle-E-K562,0.4,presage,PRESAGE,0.3847547506395262,0.0014678161832913,0.3832869344562349,0.3847547506395262,1.0,945,12.11111111111111,6.0,unique held-out perturbation
Supplementary Fig. S5b,Replogle-E-k562,Replogle-E-K562,0.45,presage,PRESAGE,0.3797462903091922,0.0009214125144942,0.378824877794698,0.3797462903091922,1.0,861,8.602787456445993,4.0,unique held-out perturbation
Supplementary Fig. S5b,Replogle-E-k562,Replogle-E-K562,0.5,presage,PRESAGE,0.3889197035478748,0.0009737670438268,0.387945936504048,0.3889197035478748,1.0,781,6.377720870678617,3.0,unique held-out perturbation
Supplementary Fig. S5b,Replogle-E-k562,Replogle-E-K562,0.0,weighted,Weighted,0.2587447003671095,0.0754457867842123,0.1832989135828971,0.3269262241887968,0.7288794129461603,1155,577.4727272727273,223.0,unique held-out perturbation
Supplementary Fig. S5b,Replogle-E-k562,Replogle-E-K562,0.01,weighted,Weighted,0.2587447003671095,0.0754457867842123,0.1832989135828971,0.3269262241887968,0.7288794129461603,1155,577.4727272727273,223.0,unique held-out perturbation
Supplementary Fig. S5b,Replogle-E-k562,Replogle-E-K562,0.05,weighted,Weighted,0.2581983231736958,0.0694482842160573,0.1887500389576384,0.3296690677928606,0.7253457481882094,1155,531.7290043290043,221.0,unique held-out perturbation
Supplementary Fig. S5b,Replogle-E-k562,Replogle-E-K562,0.1,weighted,Weighted,0.2533094106411057,0.0423300770193354,0.2109793336217702,0.3354509410765922,0.7197690764877065,1155,324.06666666666666,176.0,unique held-out perturbation
Supplementary Fig. S5b,Replogle-E-k562,Replogle-E-K562,0.15,weighted,Weighted,0.2519971061736579,0.0215662730934651,0.2304308330801927,0.3397075483314307,0.7243034809231637,1155,167.59134199134198,92.0,unique held-out perturbation
Supplementary Fig. S5b,Replogle-E-k562,Replogle-E-K562,0.2,weighted,Weighted,0.2496714434799502,0.0106752321902821,0.238996211289668,0.3458352954767877,0.713080815614259,1146,86.57068062827226,43.0,unique held-out perturbation
Supplementary Fig. S5b,Replogle-E-k562,Replogle-E-K562,0.25,weighted,Weighted,0.2487058930687597,0.006394686973894,0.2423112060948657,0.3514055803972229,0.7023291458729376,1119,47.7792672028597,22.0,unique held-out perturbation
Supplementary Fig. S5b,Replogle-E-k562,Replogle-E-K562,0.3,weighted,Weighted,0.2419988068100267,0.0043785548006503,0.2376202520093763,0.3665144707416929,0.6561631739616296,1069,28.738072965388213,13.0,unique held-out perturbation
Supplementary Fig. S5b,Replogle-E-k562,Replogle-E-K562,0.35,weighted,Weighted,0.243621480038686,0.0025697934706057,0.2410516865680803,0.37812440339045,0.6418552194567089,1005,18.30049751243781,9.0,unique held-out perturbation
Supplementary Fig. S5b,Replogle-E-k562,Replogle-E-K562,0.4,weighted,Weighted,0.2369007908467465,0.0014678161832913,0.2354329746634552,0.3847547506395262,0.6142473262164844,945,12.11111111111111,6.0,unique held-out perturbation
Supplementary Fig. S5b,Replogle-E-k562,Replogle-E-K562,0.45,weighted,Weighted,0.2324653321281817,0.0009214125144942,0.2315439196136875,0.3797462903091922,0.6112162457798546,861,8.602787456445993,4.0,unique held-out perturbation
Supplementary Fig. S5b,Replogle-E-k562,Replogle-E-K562,0.5,weighted,Weighted,0.2221235022537042,0.0009737670438268,0.2211497352098773,0.3889197035478748,0.5700529749138635,781,6.377720870678617,3.0,unique held-out perturbation
Supplementary Fig. S5b,Replogle-E-k562,Replogle-E-K562,0.0,linear_otherds,Linear (cross-dataset),0.293270976228037,0.0754457867842123,0.2178251894438247,0.3269262241887968,0.8661715069843988,1155,577.4727272727273,223.0,unique held-out perturbation
Supplementary Fig. S5b,Replogle-E-k562,Replogle-E-K562,0.01,linear_otherds,Linear (cross-dataset),0.293270976228037,0.0754457867842123,0.2178251894438247,0.3269262241887968,0.8661715069843988,1155,577.4727272727273,223.0,unique held-out perturbation
Supplementary Fig. S5b,Replogle-E-k562,Replogle-E-K562,0.05,linear_otherds,Linear (cross-dataset),0.2957332631880788,0.0694482842160573,0.2262849789720215,0.3296690677928606,0.8695884158892875,1155,531.7290043290043,221.0,unique held-out perturbation
Supplementary Fig. S5b,Replogle-E-k562,Replogle-E-K562,0.1,linear_otherds,Linear (cross-dataset),0.2938907934374527,0.0423300770193354,0.2515607164181173,0.3354509410765922,0.8582149797735948,1155,324.06666666666666,176.0,unique held-out perturbation
Supplementary Fig. S5b,Replogle-E-k562,Replogle-E-K562,0.15,linear_otherds,Linear (cross-dataset),0.2819967247283848,0.0215662730934651,0.2604304516349196,0.3397075483314307,0.8186000117090152,1155,167.59134199134198,92.0,unique held-out perturbation
Supplementary Fig. S5b,Replogle-E-k562,Replogle-E-K562,0.2,linear_otherds,Linear (cross-dataset),0.2754605485416271,0.0106752321902821,0.264785316351345,0.3458352954767877,0.7900264540915723,1146,86.57068062827226,43.0,unique held-out perturbation
Supplementary Fig. S5b,Replogle-E-k562,Replogle-E-K562,0.25,linear_otherds,Linear (cross-dataset),0.2760013484161011,0.006394686973894,0.2696066614422071,0.3514055803972229,0.7814439096895393,1119,47.7792672028597,22.0,unique held-out perturbation
Supplementary Fig. S5b,Replogle-E-k562,Replogle-E-K562,0.3,linear_otherds,Linear (cross-dataset),0.2804649285115012,0.0043785548006503,0.2760863737108508,0.3665144707416929,0.762383297424161,1069,28.738072965388213,13.0,unique held-out perturbation
Supplementary Fig. S5b,Replogle-E-k562,Replogle-E-K562,0.35,linear_otherds,Linear (cross-dataset),0.2902520637256174,0.0025697934706057,0.2876822702550117,0.37812440339045,0.7660198081882489,1005,18.30049751243781,9.0,unique held-out perturbation
Supplementary Fig. S5b,Replogle-E-k562,Replogle-E-K562,0.4,linear_otherds,Linear (cross-dataset),0.2998055274336858,0.0014678161832913,0.2983377112503945,0.3847547506395262,0.7783665041273662,945,12.11111111111111,6.0,unique held-out perturbation
Supplementary Fig. S5b,Replogle-E-k562,Replogle-E-K562,0.45,linear_otherds,Linear (cross-dataset),0.2988708054089294,0.0009214125144942,0.2979493928944351,0.3797462903091922,0.7865095730484395,861,8.602787456445993,4.0,unique held-out perturbation
Supplementary Fig. S5b,Replogle-E-k562,Replogle-E-K562,0.5,linear_otherds,Linear (cross-dataset),0.3034704582491114,0.0009737670438268,0.3024966912052845,0.3889197035478748,0.7797392954575467,781,6.377720870678617,3.0,unique held-out perturbation
Supplementary Fig. S5b,Replogle-E-k562,Replogle-E-K562,0.0,linear_train,Linear (training),0.212722751118285,0.0754457867842123,0.1372769643340727,0.3269262241887968,0.545875320366252,1155,577.4727272727273,223.0,unique held-out perturbation
Supplementary Fig. S5b,Replogle-E-k562,Replogle-E-K562,0.01,linear_train,Linear (training),0.212722751118285,0.0754457867842123,0.1372769643340727,0.3269262241887968,0.545875320366252,1155,577.4727272727273,223.0,unique held-out perturbation
Supplementary Fig. S5b,Replogle-E-k562,Replogle-E-K562,0.05,linear_train,Linear (training),0.2133988154263919,0.0694482842160573,0.1439505312103345,0.3296690677928606,0.5531861415206601,1155,531.7290043290043,221.0,unique held-out perturbation
Supplementary Fig. S5b,Replogle-E-k562,Replogle-E-K562,0.1,linear_train,Linear (training),0.198998145003341,0.0423300770193354,0.1566680679840056,0.3354509410765922,0.5344828266929604,1155,324.06666666666666,176.0,unique held-out perturbation
Supplementary Fig. S5b,Replogle-E-k562,Replogle-E-K562,0.15,linear_train,Linear (training),0.1714530981328508,0.0215662730934651,0.1498868250393856,0.3397075483314307,0.4711329107713932,1155,167.59134199134198,92.0,unique held-out perturbation
Supplementary Fig. S5b,Replogle-E-k562,Replogle-E-K562,0.2,linear_train,Linear (training),0.1542001734820048,0.0106752321902821,0.1435249412917227,0.3458352954767877,0.4282280528424205,1146,86.57068062827226,43.0,unique held-out perturbation
Supplementary Fig. S5b,Replogle-E-k562,Replogle-E-K562,0.25,linear_train,Linear (training),0.146154150094574,0.006394686973894,0.1397594631206799,0.3514055803972229,0.4050871024214151,1119,47.7792672028597,22.0,unique held-out perturbation
Supplementary Fig. S5b,Replogle-E-k562,Replogle-E-K562,0.3,linear_train,Linear (training),0.1435567734253652,0.0043785548006503,0.1391782186247148,0.3665144707416929,0.384325918800536,1069,28.738072965388213,13.0,unique held-out perturbation
Supplementary Fig. S5b,Replogle-E-k562,Replogle-E-K562,0.35,linear_train,Linear (training),0.1426657911634956,0.0025697934706057,0.1400959976928899,0.37812440339045,0.3730376195429769,1005,18.30049751243781,9.0,unique held-out perturbation
Supplementary Fig. S5b,Replogle-E-k562,Replogle-E-K562,0.4,linear_train,Linear (training),0.1359870824365345,0.0014678161832913,0.1345192662532431,0.3847547506395262,0.3509623056786013,945,12.11111111111111,6.0,unique held-out perturbation
Supplementary Fig. S5b,Replogle-E-k562,Replogle-E-K562,0.45,linear_train,Linear (training),0.1356828550661495,0.0009214125144942,0.1347614425516553,0.3797462903091922,0.3557354610292741,861,8.602787456445993,4.0,unique held-out perturbation
Supplementary Fig. S5b,Replogle-E-k562,Replogle-E-K562,0.5,linear_train,Linear (training),0.1423580789311437,0.0009737670438268,0.1413843118873169,0.3889197035478748,0.3644433375469615,781,6.377720870678617,3.0,unique held-out perturbation
Supplementary Fig. S5b,Replogle-E-k562,Replogle-E-K562,0.0,gears,GEARS,0.1048928807015885,0.0754457867842123,0.0294470939173761,0.3269262241887968,0.1170949685839832,1155,577.4727272727273,223.0,unique held-out perturbation
Supplementary Fig. S5b,Replogle-E-k562,Replogle-E-K562,0.01,gears,GEARS,0.1048928807015885,0.0754457867842123,0.0294470939173761,0.3269262241887968,0.1170949685839832,1155,577.4727272727273,223.0,unique held-out perturbation
Supplementary Fig. S5b,Replogle-E-k562,Replogle-E-K562,0.05,gears,GEARS,0.1025759963542478,0.0694482842160573,0.0331277121381904,0.3296690677928606,0.1273061731766439,1155,531.7290043290043,221.0,unique held-out perturbation
Supplementary Fig. S5b,Replogle-E-k562,Replogle-E-K562,0.1,gears,GEARS,0.0843212331522149,0.0423300770193354,0.0419911561328794,0.3354509410765922,0.1432554324235245,1155,324.06666666666666,176.0,unique held-out perturbation
Supplementary Fig. S5b,Replogle-E-k562,Replogle-E-K562,0.15,gears,GEARS,0.0648859977633869,0.0215662730934651,0.0433197246699217,0.3397075483314307,0.1361650563496331,1155,167.59134199134198,92.0,unique held-out perturbation
Supplementary Fig. S5b,Replogle-E-k562,Replogle-E-K562,0.2,gears,GEARS,0.053648497040898,0.0106752321902821,0.0429732648506159,0.3458352954767877,0.1282171402798698,1146,86.57068062827226,43.0,unique held-out perturbation
Supplementary Fig. S5b,Replogle-E-k562,Replogle-E-K562,0.25,gears,GEARS,0.0492192823531832,0.006394686973894,0.0428245953792892,0.3514055803972229,0.1241253426938707,1119,47.7792672028597,22.0,unique held-out perturbation
Supplementary Fig. S5b,Replogle-E-k562,Replogle-E-K562,0.3,gears,GEARS,0.0507239346754462,0.0043785548006503,0.0463453798747958,0.3665144707416929,0.12797786089337,1069,28.738072965388213,13.0,unique held-out perturbation
Supplementary Fig. S5b,Replogle-E-k562,Replogle-E-K562,0.35,gears,GEARS,0.0543971546321748,0.0025697934706057,0.051827361161569,0.37812440339045,0.1380021967314707,1005,18.30049751243781,9.0,unique held-out perturbation
Supplementary Fig. S5b,Replogle-E-k562,Replogle-E-K562,0.4,gears,GEARS,0.0580173168113908,0.0014678161832913,0.0565495006280994,0.3847547506395262,0.1475382945372914,945,12.11111111111111,6.0,unique held-out perturbation
Supplementary Fig. S5b,Replogle-E-k562,Replogle-E-K562,0.45,gears,GEARS,0.0582234230792725,0.0009214125144942,0.0573020105647782,0.3797462903091922,0.1512625329634047,861,8.602787456445993,4.0,unique held-out perturbation
Supplementary Fig. S5b,Replogle-E-k562,Replogle-E-K562,0.5,gears,GEARS,0.0609800632520161,0.0009737670438268,0.0600062962081893,0.3889197035478748,0.1546769551163044,781,6.377720870678617,3.0,unique held-out perturbation
Supplementary Fig. S5b,Replogle-E-k562,Replogle-E-K562,0.0,scGPT-ft,scGPT-ft,0.199071802607489,0.0754457867842123,0.1236260158232766,0.3269262241887968,0.4915929727940856,1155,577.4727272727273,223.0,unique held-out perturbation
Supplementary Fig. S5b,Replogle-E-k562,Replogle-E-K562,0.01,scGPT-ft,scGPT-ft,0.199071802607489,0.0754457867842123,0.1236260158232766,0.3269262241887968,0.4915929727940856,1155,577.4727272727273,223.0,unique held-out perturbation
Supplementary Fig. S5b,Replogle-E-k562,Replogle-E-K562,0.05,scGPT-ft,scGPT-ft,0.19995695504677,0.0694482842160573,0.1305086708307127,0.3296690677928606,0.5015305427830806,1155,531.7290043290043,221.0,unique held-out perturbation
Supplementary Fig. S5b,Replogle-E-k562,Replogle-E-K562,0.1,scGPT-ft,scGPT-ft,0.1884520969720104,0.0423300770193354,0.146122019952675,0.3354509410765922,0.4985043300231683,1155,324.06666666666666,176.0,unique held-out perturbation
Supplementary Fig. S5b,Replogle-E-k562,Replogle-E-K562,0.15,scGPT-ft,scGPT-ft,0.1655809603407876,0.0215662730934651,0.1440146872473224,0.3397075483314307,0.452675268682447,1155,167.59134199134198,92.0,unique held-out perturbation
Supplementary Fig. S5b,Replogle-E-k562,Replogle-E-K562,0.2,scGPT-ft,scGPT-ft,0.1480824420541782,0.0106752321902821,0.137407209863896,0.3458352954767877,0.409974889360359,1146,86.57068062827226,43.0,unique held-out perturbation
Supplementary Fig. S5b,Replogle-E-k562,Replogle-E-K562,0.25,scGPT-ft,scGPT-ft,0.1395910075235502,0.006394686973894,0.1331963205496562,0.3514055803972229,0.3860641014201952,1119,47.7792672028597,22.0,unique held-out perturbation
Supplementary Fig. S5b,Replogle-E-k562,Replogle-E-K562,0.3,scGPT-ft,scGPT-ft,0.1360130668238238,0.0043785548006503,0.1316345120231734,0.3665144707416929,0.3634947715172338,1069,28.738072965388213,13.0,unique held-out perturbation
Supplementary Fig. S5b,Replogle-E-k562,Replogle-E-K562,0.35,scGPT-ft,scGPT-ft,0.1328697484591611,0.0025697934706057,0.1302999549885554,0.37812440339045,0.3469534164854632,1005,18.30049751243781,9.0,unique held-out perturbation
Supplementary Fig. S5b,Replogle-E-k562,Replogle-E-K562,0.4,scGPT-ft,scGPT-ft,0.1309279250652256,0.0014678161832913,0.1294601088819343,0.3847547506395262,0.3377629061778429,945,12.11111111111111,6.0,unique held-out perturbation
Supplementary Fig. S5b,Replogle-E-k562,Replogle-E-K562,0.45,scGPT-ft,scGPT-ft,0.1318150930933059,0.0009214125144942,0.1308936805788117,0.3797462903091922,0.3455255666966751,861,8.602787456445993,4.0,unique held-out perturbation
Supplementary Fig. S5b,Replogle-E-k562,Replogle-E-K562,0.5,scGPT-ft,scGPT-ft,0.1338614526392441,0.0009737670438268,0.1328876855954173,0.3889197035478748,0.3425417644348253,781,6.377720870678617,3.0,unique held-out perturbation
Supplementary Fig. S5b,Replogle-GW-k562,Replogle-GW-K562,0.0,rejfreq,DE frequency,0.2723791378587402,0.0331978791470762,0.239181258711664,0.2723791378587402,1.0,1952,248.6311475409836,113.5,unique held-out perturbation
Supplementary Fig. S5b,Replogle-GW-k562,Replogle-GW-K562,0.01,rejfreq,DE frequency,0.2723794459067782,0.0332257051633823,0.2391537407433959,0.2723794459067782,1.0,1952,248.63012295081967,113.5,unique held-out perturbation
Supplementary Fig. S5b,Replogle-GW-k562,Replogle-GW-K562,0.05,rejfreq,DE frequency,0.2705885152773969,0.0319422958040921,0.2386462194733048,0.2705885152773969,1.0,1952,238.7233606557377,111.0,unique held-out perturbation
Supplementary Fig. S5b,Replogle-GW-k562,Replogle-GW-K562,0.1,rejfreq,DE frequency,0.2449255675859668,0.0215672442242117,0.2233583233617551,0.2460144699951413,0.9951485147324308,1952,163.8657786885246,75.0,unique held-out perturbation
Supplementary Fig. S5b,Replogle-GW-k562,Replogle-GW-K562,0.15,rejfreq,DE frequency,0.2408173689576338,0.0123331389515697,0.228484230006064,0.252685463691169,0.9506220930195152,1943,90.62995367987648,34.0,unique held-out perturbation
Supplementary Fig. S5b,Replogle-GW-k562,Replogle-GW-K562,0.2,rejfreq,DE frequency,0.2456807256850463,0.0064527171245509,0.2392280085604954,0.2675559875932927,0.9162198854538468,1913,49.42707788813382,16.0,unique held-out perturbation
Supplementary Fig. S5b,Replogle-GW-k562,Replogle-GW-K562,0.25,rejfreq,DE frequency,0.250404629539334,0.0037198106066576,0.2466848189326763,0.2850622897006019,0.876813269461185,1845,28.759349593495934,9.0,unique held-out perturbation
Supplementary Fig. S5b,Replogle-GW-k562,Replogle-GW-K562,0.3,rejfreq,DE frequency,0.2527510949456762,0.0023593954367729,0.2503916995089033,0.2949326388902845,0.855825695314101,1754,17.943557582668188,6.0,unique held-out perturbation
Supplementary Fig. S5b,Replogle-GW-k562,Replogle-GW-K562,0.35,rejfreq,DE frequency,0.2506532701163321,0.0021463949229668,0.2485068751933652,0.3037058698035587,0.824072516016173,1628,11.933046683046683,4.0,unique held-out perturbation
Supplementary Fig. S5b,Replogle-GW-k562,Replogle-GW-K562,0.4,rejfreq,DE frequency,0.2495321534177486,0.0010585908177218,0.2484735626000268,0.3192876749850553,0.7808009228640229,1448,8.57596685082873,3.0,unique held-out perturbation
Supplementary Fig. S5b,Replogle-GW-k562,Replogle-GW-K562,0.45,rejfreq,DE frequency,0.2565477716546416,0.0005583455973409,0.2559894260573007,0.3278495254629896,0.7821458132858424,1277,6.299138606108066,2.0,unique held-out perturbation
Supplementary Fig. S5b,Replogle-GW-k562,Replogle-GW-K562,0.5,rejfreq,DE frequency,0.2615743248799998,0.0005767842233283,0.2609975406566715,0.3350335100248086,0.7803626613614248,1108,4.9232851985559565,2.0,unique held-out perturbation
Supplementary Fig. S5b,Replogle-GW-k562,Replogle-GW-K562,0.0,presage,PRESAGE,0.2443574408389222,0.0331978791470762,0.2111595616918459,0.2723791378587402,0.8828432579928909,1952,248.6311475409836,113.5,unique held-out perturbation
Supplementary Fig. S5b,Replogle-GW-k562,Replogle-GW-K562,0.01,presage,PRESAGE,0.2443577874894712,0.0332257051633823,0.2111320823260888,0.2723794459067782,0.8828299388911782,1952,248.63012295081967,113.5,unique held-out perturbation
Supplementary Fig. S5b,Replogle-GW-k562,Replogle-GW-K562,0.05,presage,PRESAGE,0.2448075646272847,0.0319422958040921,0.2128652688231926,0.2705885152773969,0.8919700018420108,1952,238.7233606557377,111.0,unique held-out perturbation
Supplementary Fig. S5b,Replogle-GW-k562,Replogle-GW-K562,0.1,presage,PRESAGE,0.2460144699951413,0.0215672442242117,0.2244472257709295,0.2460144699951413,1.0,1952,163.8657786885246,75.0,unique held-out perturbation
Supplementary Fig. S5b,Replogle-GW-k562,Replogle-GW-K562,0.15,presage,PRESAGE,0.252685463691169,0.0123331389515697,0.2403523247395992,0.252685463691169,1.0,1943,90.62995367987648,34.0,unique held-out perturbation
Supplementary Fig. S5b,Replogle-GW-k562,Replogle-GW-K562,0.2,presage,PRESAGE,0.2675559875932927,0.0064527171245509,0.2611032704687417,0.2675559875932927,1.0,1913,49.42707788813382,16.0,unique held-out perturbation
Supplementary Fig. S5b,Replogle-GW-k562,Replogle-GW-K562,0.25,presage,PRESAGE,0.2850622897006019,0.0037198106066576,0.2813424790939443,0.2850622897006019,1.0,1845,28.759349593495934,9.0,unique held-out perturbation
Supplementary Fig. S5b,Replogle-GW-k562,Replogle-GW-K562,0.3,presage,PRESAGE,0.2949326388902845,0.0023593954367729,0.2925732434535116,0.2949326388902845,1.0,1754,17.943557582668188,6.0,unique held-out perturbation
Supplementary Fig. S5b,Replogle-GW-k562,Replogle-GW-K562,0.35,presage,PRESAGE,0.3037058698035587,0.0021463949229668,0.3015594748805918,0.3037058698035587,1.0,1628,11.933046683046683,4.0,unique held-out perturbation
Supplementary Fig. S5b,Replogle-GW-k562,Replogle-GW-K562,0.4,presage,PRESAGE,0.3192876749850553,0.0010585908177218,0.3182290841673335,0.3192876749850553,1.0,1448,8.57596685082873,3.0,unique held-out perturbation
Supplementary Fig. S5b,Replogle-GW-k562,Replogle-GW-K562,0.45,presage,PRESAGE,0.3278495254629896,0.0005583455973409,0.3272911798656486,0.3278495254629896,1.0,1277,6.299138606108066,2.0,unique held-out perturbation
Supplementary Fig. S5b,Replogle-GW-k562,Replogle-GW-K562,0.5,presage,PRESAGE,0.3350335100248086,0.0005767842233283,0.3344567258014803,0.3350335100248086,1.0,1108,4.9232851985559565,2.0,unique held-out perturbation
Supplementary Fig. S5b,Replogle-GW-k562,Replogle-GW-K562,0.0,weighted,Weighted,0.1823919246696083,0.0331978791470762,0.1491940455225321,0.2723791378587402,0.6237697983786739,1952,248.6311475409836,113.5,unique held-out perturbation
Supplementary Fig. S5b,Replogle-GW-k562,Replogle-GW-K562,0.01,weighted,Weighted,0.1823921640051767,0.0332257051633823,0.1491664588417944,0.2723794459067782,0.6237262205396366,1952,248.63012295081967,113.5,unique held-out perturbation
Supplementary Fig. S5b,Replogle-GW-k562,Replogle-GW-K562,0.05,weighted,Weighted,0.183007716972609,0.0319422958040921,0.1510654211685169,0.2705885152773969,0.6330099068902922,1952,238.7233606557377,111.0,unique held-out perturbation
Supplementary Fig. S5b,Replogle-GW-k562,Replogle-GW-K562,0.1,weighted,Weighted,0.1885442143704173,0.0215672442242117,0.1669769701462056,0.2460144699951413,0.7439475786464923,1952,163.8657786885246,75.0,unique held-out perturbation
Supplementary Fig. S5b,Replogle-GW-k562,Replogle-GW-K562,0.15,weighted,Weighted,0.2024968981932036,0.0123331389515697,0.1901637592416338,0.252685463691169,0.7911875179391739,1943,90.62995367987648,34.0,unique held-out perturbation
Supplementary Fig. S5b,Replogle-GW-k562,Replogle-GW-K562,0.2,weighted,Weighted,0.2098521564519108,0.0064527171245509,0.2033994393273598,0.2675559875932927,0.7789999679521823,1913,49.42707788813382,16.0,unique held-out perturbation
Supplementary Fig. S5b,Replogle-GW-k562,Replogle-GW-K562,0.25,weighted,Weighted,0.2154373785002614,0.0037198106066576,0.2117175678936038,0.2850622897006019,0.7525261331862662,1845,28.759349593495934,9.0,unique held-out perturbation
Supplementary Fig. S5b,Replogle-GW-k562,Replogle-GW-K562,0.3,weighted,Weighted,0.2052286322656212,0.0023593954367729,0.2028692368288482,0.2949326388902845,0.693396410533635,1754,17.943557582668188,6.0,unique held-out perturbation
Supplementary Fig. S5b,Replogle-GW-k562,Replogle-GW-K562,0.35,weighted,Weighted,0.2026057778131098,0.0021463949229668,0.2004593828901429,0.3037058698035587,0.6647424458127825,1628,11.933046683046683,4.0,unique held-out perturbation
Supplementary Fig. S5b,Replogle-GW-k562,Replogle-GW-K562,0.4,weighted,Weighted,0.212430185016759,0.0010585908177218,0.2113715941990371,0.3192876749850553,0.6642120557651238,1448,8.57596685082873,3.0,unique held-out perturbation
Supplementary Fig. S5b,Replogle-GW-k562,Replogle-GW-K562,0.45,weighted,Weighted,0.2219471718697185,0.0005583455973409,0.2213888262723775,0.3278495254629896,0.6764277190826118,1277,6.299138606108066,2.0,unique held-out perturbation
Supplementary Fig. S5b,Replogle-GW-k562,Replogle-GW-K562,0.5,weighted,Weighted,0.2258964613722906,0.0005767842233283,0.2253196771489623,0.3350335100248086,0.6736885814121818,1108,4.9232851985559565,2.0,unique held-out perturbation
Supplementary Fig. S5b,Replogle-GW-k562,Replogle-GW-K562,0.0,linear_otherds,Linear (cross-dataset),0.2316439030291804,0.0331978791470762,0.1984460238821042,0.2723791378587402,0.8296888516726697,1952,248.6311475409836,113.5,unique held-out perturbation
Supplementary Fig. S5b,Replogle-GW-k562,Replogle-GW-K562,0.01,linear_otherds,Linear (cross-dataset),0.2316442280623233,0.0332257051633823,0.198418522898941,0.2723794459067782,0.8296693260250425,1952,248.63012295081967,113.5,unique held-out perturbation
Supplementary Fig. S5b,Replogle-GW-k562,Replogle-GW-K562,0.05,linear_otherds,Linear (cross-dataset),0.2312255225277764,0.0319422958040921,0.1992832267236843,0.2705885152773969,0.835057128344647,1952,238.7233606557377,111.0,unique held-out perturbation
Supplementary Fig. S5b,Replogle-GW-k562,Replogle-GW-K562,0.1,linear_otherds,Linear (cross-dataset),0.2182331840186947,0.0215672442242117,0.1966659397944829,0.2460144699951413,0.8762235270183285,1952,163.8657786885246,75.0,unique held-out perturbation
Supplementary Fig. S5b,Replogle-GW-k562,Replogle-GW-K562,0.15,linear_otherds,Linear (cross-dataset),0.206667816656167,0.0123331389515697,0.1943346777045972,0.252685463691169,0.8085408698049492,1943,90.62995367987648,34.0,unique held-out perturbation
Supplementary Fig. S5b,Replogle-GW-k562,Replogle-GW-K562,0.2,linear_otherds,Linear (cross-dataset),0.2042398497960292,0.0064527171245509,0.1977871326714782,0.2675559875932927,0.7575053821287026,1913,49.42707788813382,16.0,unique held-out perturbation
Supplementary Fig. S5b,Replogle-GW-k562,Replogle-GW-K562,0.25,linear_otherds,Linear (cross-dataset),0.2063605864607369,0.0037198106066576,0.2026407758540793,0.2850622897006019,0.7202637031801182,1845,28.759349593495934,9.0,unique held-out perturbation
Supplementary Fig. S5b,Replogle-GW-k562,Replogle-GW-K562,0.3,linear_otherds,Linear (cross-dataset),0.2092049180204334,0.0023593954367729,0.2068455225836604,0.2949326388902845,0.7069871466784595,1754,17.943557582668188,6.0,unique held-out perturbation
Supplementary Fig. S5b,Replogle-GW-k562,Replogle-GW-K562,0.35,linear_otherds,Linear (cross-dataset),0.2104728720826683,0.0021463949229668,0.2083264771597014,0.3037058698035587,0.6908304812581074,1628,11.933046683046683,4.0,unique held-out perturbation
Supplementary Fig. S5b,Replogle-GW-k562,Replogle-GW-K562,0.4,linear_otherds,Linear (cross-dataset),0.2187602116229423,0.0010585908177218,0.2177016208052205,0.3192876749850553,0.6841034702244472,1448,8.57596685082873,3.0,unique held-out perturbation
Supplementary Fig. S5b,Replogle-GW-k562,Replogle-GW-K562,0.45,linear_otherds,Linear (cross-dataset),0.2201742478355291,0.0005583455973409,0.2196159022381881,0.3278495254629896,0.6710107566245426,1277,6.299138606108066,2.0,unique held-out perturbation
Supplementary Fig. S5b,Replogle-GW-k562,Replogle-GW-K562,0.5,linear_otherds,Linear (cross-dataset),0.232717699274874,0.0005767842233283,0.2321409150515457,0.3350335100248086,0.6940835604225073,1108,4.9232851985559565,2.0,unique held-out perturbation
Supplementary Fig. S5b,Replogle-GW-k562,Replogle-GW-K562,0.0,linear_train,Linear (training),0.1907521148654392,0.0331978791470762,0.157554235718363,0.2723791378587402,0.6587231648793044,1952,248.6311475409836,113.5,unique held-out perturbation
Supplementary Fig. S5b,Replogle-GW-k562,Replogle-GW-K562,0.01,linear_train,Linear (training),0.1907519260991603,0.0332257051633823,0.157526220935778,0.2723794459067782,0.6586818188422086,1952,248.63012295081967,113.5,unique held-out perturbation
Supplementary Fig. S5b,Replogle-GW-k562,Replogle-GW-K562,0.05,linear_train,Linear (training),0.1904037948790805,0.0319422958040921,0.1584614990749884,0.2705885152773969,0.6640017152784357,1952,238.7233606557377,111.0,unique held-out perturbation
Supplementary Fig. S5b,Replogle-GW-k562,Replogle-GW-K562,0.1,linear_train,Linear (training),0.1780655966368498,0.0215672442242117,0.1564983524126381,0.2460144699951413,0.6972612464916812,1952,163.8657786885246,75.0,unique held-out perturbation
Supplementary Fig. S5b,Replogle-GW-k562,Replogle-GW-K562,0.15,linear_train,Linear (training),0.166541998042621,0.0123331389515697,0.1542088590910512,0.252685463691169,0.6415950386921494,1943,90.62995367987648,34.0,unique held-out perturbation
Supplementary Fig. S5b,Replogle-GW-k562,Replogle-GW-K562,0.2,linear_train,Linear (training),0.1569852290386596,0.0064527171245509,0.1505325119141086,0.2675559875932927,0.5765248043192541,1913,49.42707788813382,16.0,unique held-out perturbation
Supplementary Fig. S5b,Replogle-GW-k562,Replogle-GW-K562,0.25,linear_train,Linear (training),0.1563057494142118,0.0037198106066576,0.1525859388075542,0.2850622897006019,0.5423494500331165,1845,28.759349593495934,9.0,unique held-out perturbation
Supplementary Fig. S5b,Replogle-GW-k562,Replogle-GW-K562,0.3,linear_train,Linear (training),0.1542280203889584,0.0023593954367729,0.1518686249521854,0.2949326388902845,0.5190789942359053,1754,17.943557582668188,6.0,unique held-out perturbation
Supplementary Fig. S5b,Replogle-GW-k562,Replogle-GW-K562,0.35,linear_train,Linear (training),0.1544633636958147,0.0021463949229668,0.1523169687728478,0.3037058698035587,0.5050976058144437,1628,11.933046683046683,4.0,unique held-out perturbation
Supplementary Fig. S5b,Replogle-GW-k562,Replogle-GW-K562,0.4,linear_train,Linear (training),0.1542212127030675,0.0010585908177218,0.1531626218853457,0.3192876749850553,0.4812967434642418,1448,8.57596685082873,3.0,unique held-out perturbation
Supplementary Fig. S5b,Replogle-GW-k562,Replogle-GW-K562,0.45,linear_train,Linear (training),0.1483423141088516,0.0005583455973409,0.1477839685115106,0.3278495254629896,0.451536667050347,1277,6.299138606108066,2.0,unique held-out perturbation
Supplementary Fig. S5b,Replogle-GW-k562,Replogle-GW-K562,0.5,linear_train,Linear (training),0.1512317373066375,0.0005767842233283,0.1506549530833092,0.3350335100248086,0.4504467737112628,1108,4.9232851985559565,2.0,unique held-out perturbation
Supplementary Fig. S5b,Replogle-GW-k562,Replogle-GW-K562,0.0,gears,GEARS,0.0505808764276403,0.0331978791470762,0.0173829972805641,0.2723791378587402,0.0726770875535843,1952,248.6311475409836,113.5,unique held-out perturbation
Supplementary Fig. S5b,Replogle-GW-k562,Replogle-GW-K562,0.01,gears,GEARS,0.0505810331538351,0.0332257051633823,0.0173553279904528,0.2723794459067782,0.0725697534000712,1952,248.63012295081967,113.5,unique held-out perturbation
Supplementary Fig. S5b,Replogle-GW-k562,Replogle-GW-K562,0.05,gears,GEARS,0.050334204646448,0.0319422958040921,0.0183919088423559,0.2705885152773969,0.0770676731563025,1952,238.7233606557377,111.0,unique held-out perturbation
Supplementary Fig. S5b,Replogle-GW-k562,Replogle-GW-K562,0.1,gears,GEARS,0.0446013613482707,0.0215672442242117,0.023034117124059,0.2460144699951413,0.1026259827669582,1952,163.8657786885246,75.0,unique held-out perturbation
Supplementary Fig. S5b,Replogle-GW-k562,Replogle-GW-K562,0.15,gears,GEARS,0.0344176301321538,0.0123331389515697,0.022084491180584,0.252685463691169,0.0918838259813408,1943,90.62995367987648,34.0,unique held-out perturbation
Supplementary Fig. S5b,Replogle-GW-k562,Replogle-GW-K562,0.2,gears,GEARS,0.0281399897876607,0.0064527171245509,0.0216872726631097,0.2675559875932927,0.0830601341154249,1913,49.42707788813382,16.0,unique held-out perturbation
Supplementary Fig. S5b,Replogle-GW-k562,Replogle-GW-K562,0.25,gears,GEARS,0.026828588235495,0.0037198106066576,0.0231087776288373,0.2850622897006019,0.0821375346632992,1845,28.759349593495934,9.0,unique held-out perturbation
Supplementary Fig. S5b,Replogle-GW-k562,Replogle-GW-K562,0.3,gears,GEARS,0.0256564300852069,0.0023593954367729,0.023297034648434,0.2949326388902845,0.079628042446526,1754,17.943557582668188,6.0,unique held-out perturbation
Supplementary Fig. S5b,Replogle-GW-k562,Replogle-GW-K562,0.35,gears,GEARS,0.0256912417726045,0.0021463949229668,0.0235448468496376,0.3037058698035587,0.0780769593094718,1628,11.933046683046683,4.0,unique held-out perturbation
Supplementary Fig. S5b,Replogle-GW-k562,Replogle-GW-K562,0.4,gears,GEARS,0.0287353247520052,0.0010585908177218,0.0276767339342834,0.3192876749850553,0.0869711013583229,1448,8.57596685082873,3.0,unique held-out perturbation
Supplementary Fig. S5b,Replogle-GW-k562,Replogle-GW-K562,0.45,gears,GEARS,0.0276211280375088,0.0005583455973409,0.0270627824401678,0.3278495254629896,0.0826871730893481,1277,6.299138606108066,2.0,unique held-out perturbation
Supplementary Fig. S5b,Replogle-GW-k562,Replogle-GW-K562,0.5,gears,GEARS,0.0276975228383089,0.0005767842233283,0.0271207386149806,0.3350335100248086,0.0810889317593763,1108,4.9232851985559565,2.0,unique held-out perturbation
Supplementary Fig. S5b,Replogle-GW-k562,Replogle-GW-K562,0.0,scGPT-ft,scGPT-ft,0.1199022588055628,0.0331978791470762,0.0867043796584866,0.2723791378587402,0.362504905800374,1952,248.6311475409836,113.5,unique held-out perturbation
Supplementary Fig. S5b,Replogle-GW-k562,Replogle-GW-K562,0.01,scGPT-ft,scGPT-ft,0.1199024935088299,0.0332257051633823,0.0866767883454476,0.2723794459067782,0.3624312464275814,1952,248.63012295081967,113.5,unique held-out perturbation
Supplementary Fig. S5b,Replogle-GW-k562,Replogle-GW-K562,0.05,scGPT-ft,scGPT-ft,0.1190180476039732,0.0319422958040921,0.0870757517998811,0.2705885152773969,0.3648737951602936,1952,238.7233606557377,111.0,unique held-out perturbation
Supplementary Fig. S5b,Replogle-GW-k562,Replogle-GW-K562,0.1,scGPT-ft,scGPT-ft,0.1042351156016176,0.0215672442242117,0.0826678713774058,0.2460144699951413,0.3683176349961954,1952,163.8657786885246,75.0,unique held-out perturbation
Supplementary Fig. S5b,Replogle-GW-k562,Replogle-GW-K562,0.15,scGPT-ft,scGPT-ft,0.0858700044784651,0.0123331389515697,0.0735368655268953,0.252685463691169,0.305954459173907,1943,90.62995367987648,34.0,unique held-out perturbation
Supplementary Fig. S5b,Replogle-GW-k562,Replogle-GW-K562,0.2,scGPT-ft,scGPT-ft,0.0729054766684574,0.0064527171245509,0.0664527595439064,0.2675559875932927,0.2545075725195172,1913,49.42707788813382,16.0,unique held-out perturbation
Supplementary Fig. S5b,Replogle-GW-k562,Replogle-GW-K562,0.25,scGPT-ft,scGPT-ft,0.0660431940328477,0.0037198106066576,0.0623233834261901,0.2850622897006019,0.2215214127169877,1845,28.759349593495934,9.0,unique held-out perturbation
Supplementary Fig. S5b,Replogle-GW-k562,Replogle-GW-K562,0.3,scGPT-ft,scGPT-ft,0.0639006777122328,0.0023593954367729,0.0615412822754599,0.2949326388902845,0.2103448748389684,1754,17.943557582668188,6.0,unique held-out perturbation
Supplementary Fig. S5b,Replogle-GW-k562,Replogle-GW-K562,0.35,scGPT-ft,scGPT-ft,0.0618282361655538,0.0021463949229668,0.059681841242587,0.3037058698035587,0.1979106816863212,1628,11.933046683046683,4.0,unique held-out perturbation
Supplementary Fig. S5b,Replogle-GW-k562,Replogle-GW-K562,0.4,scGPT-ft,scGPT-ft,0.0558405130567719,0.0010585908177218,0.0547819222390501,0.3192876749850553,0.1721461832515733,1448,8.57596685082873,3.0,unique held-out perturbation
Supplementary Fig. S5b,Replogle-GW-k562,Replogle-GW-K562,0.45,scGPT-ft,scGPT-ft,0.0553983823797443,0.0005583455973409,0.0548400367824033,0.3278495254629896,0.167557331685244,1277,6.299138606108066,2.0,unique held-out perturbation
Supplementary Fig. S5b,Replogle-GW-k562,Replogle-GW-K562,0.5,scGPT-ft,scGPT-ft,0.0495691704301399,0.0005767842233283,0.0489923862068116,0.3350335100248086,0.1464834832949105,1108,4.9232851985559565,2.0,unique held-out perturbation
Supplementary Fig. S5b,Nadig-HEPG2,Nadig-HepG2,0.0,rejfreq,DE frequency,0.2511062118729845,0.0579220807737566,0.1931841310992279,0.2784575660302674,0.8759775365607501,1030,472.68834951456313,220.0,unique held-out perturbation
Supplementary Fig. S5b,Nadig-HEPG2,Nadig-HepG2,0.01,rejfreq,DE frequency,0.2511054940175463,0.0579285930632943,0.1931769009542519,0.2784575872289433,0.8759705347821447,1030,472.6864077669903,220.0,unique held-out perturbation
Supplementary Fig. S5b,Nadig-HEPG2,Nadig-HepG2,0.05,rejfreq,DE frequency,0.2522698646021008,0.0560233715003606,0.1962464931017401,0.2806092398212407,0.8738149669388384,1030,455.5689320388349,218.0,unique held-out perturbation
Supplementary Fig. S5b,Nadig-HEPG2,Nadig-HepG2,0.1,rejfreq,DE frequency,0.247817537031487,0.0450522856294137,0.2027652514020733,0.2904589249538062,0.8262419140748944,1030,365.3456310679612,197.5,unique held-out perturbation
Supplementary Fig. S5b,Nadig-HEPG2,Nadig-HepG2,0.15,rejfreq,DE frequency,0.2342256059062989,0.0303194559479376,0.2039061499583613,0.299932295242541,0.756292432110605,1029,250.40913508260448,138.0,unique held-out perturbation
Supplementary Fig. S5b,Nadig-HEPG2,Nadig-HepG2,0.2,rejfreq,DE frequency,0.2234435940577516,0.0197147393128049,0.2037288547449467,0.3067347962054508,0.7098070321306759,1028,159.69649805447472,78.0,unique held-out perturbation
Supplementary Fig. S5b,Nadig-HEPG2,Nadig-HepG2,0.25,rejfreq,DE frequency,0.2122442494016199,0.0119753879664009,0.200268861435219,0.3054745632997004,0.682348974942749,1022,100.0156555772994,47.0,unique held-out perturbation
Supplementary Fig. S5b,Nadig-HEPG2,Nadig-HepG2,0.3,rejfreq,DE frequency,0.2027710479826398,0.0089571516091136,0.1938138963735262,0.3001573344766095,0.6655692811213545,1009,64.0009910802775,28.0,unique held-out perturbation
Supplementary Fig. S5b,Nadig-HEPG2,Nadig-HepG2,0.35,rejfreq,DE frequency,0.1867386770712241,0.0061700243623311,0.1805686527088929,0.2932717301345982,0.6289361890873698,988,41.79554655870445,18.0,unique held-out perturbation
Supplementary Fig. S5b,Nadig-HEPG2,Nadig-HepG2,0.4,rejfreq,DE frequency,0.1708451291848222,0.0033949663610836,0.1674501628237386,0.2821679272367362,0.6006685953248894,953,28.608604407135363,12.0,unique held-out perturbation
Supplementary Fig. S5b,Nadig-HEPG2,Nadig-HepG2,0.45,rejfreq,DE frequency,0.1621327847824849,0.0028428639980022,0.1592899207844826,0.2778707942389087,0.5791772517247799,906,20.428256070640177,9.0,unique held-out perturbation
Supplementary Fig. S5b,Nadig-HEPG2,Nadig-HepG2,0.5,rejfreq,DE frequency,0.1561355141818521,0.0016213792191891,0.154514134962663,0.2708818162386293,0.5738464093464549,853,15.007033997655334,6.0,unique held-out perturbation
Supplementary Fig. S5b,Nadig-HEPG2,Nadig-HepG2,0.0,presage,PRESAGE,0.2784575660302674,0.0579220807737566,0.2205354852565108,0.2784575660302674,1.0,1030,472.68834951456313,220.0,unique held-out perturbation
Supplementary Fig. S5b,Nadig-HEPG2,Nadig-HepG2,0.01,presage,PRESAGE,0.2784575872289433,0.0579285930632943,0.2205289941656489,0.2784575872289433,1.0,1030,472.6864077669903,220.0,unique held-out perturbation
Supplementary Fig. S5b,Nadig-HEPG2,Nadig-HepG2,0.05,presage,PRESAGE,0.2806092398212407,0.0560233715003606,0.22458586832088,0.2806092398212407,1.0,1030,455.5689320388349,218.0,unique held-out perturbation
Supplementary Fig. S5b,Nadig-HEPG2,Nadig-HepG2,0.1,presage,PRESAGE,0.2904589249538062,0.0450522856294137,0.2454066393243925,0.2904589249538062,1.0,1030,365.3456310679612,197.5,unique held-out perturbation
Supplementary Fig. S5b,Nadig-HEPG2,Nadig-HepG2,0.15,presage,PRESAGE,0.299932295242541,0.0303194559479376,0.2696128392946034,0.299932295242541,1.0,1029,250.40913508260448,138.0,unique held-out perturbation
Supplementary Fig. S5b,Nadig-HEPG2,Nadig-HepG2,0.2,presage,PRESAGE,0.3067347962054508,0.0197147393128049,0.2870200568926459,0.3067347962054508,1.0,1028,159.69649805447472,78.0,unique held-out perturbation
Supplementary Fig. S5b,Nadig-HEPG2,Nadig-HepG2,0.25,presage,PRESAGE,0.3054745632997004,0.0119753879664009,0.2934991753332995,0.3054745632997004,1.0,1022,100.0156555772994,47.0,unique held-out perturbation
Supplementary Fig. S5b,Nadig-HEPG2,Nadig-HepG2,0.3,presage,PRESAGE,0.3001573344766095,0.0089571516091136,0.2912001828674959,0.3001573344766095,1.0,1009,64.0009910802775,28.0,unique held-out perturbation
Supplementary Fig. S5b,Nadig-HEPG2,Nadig-HepG2,0.35,presage,PRESAGE,0.2932717301345982,0.0061700243623311,0.287101705772267,0.2932717301345982,1.0,988,41.79554655870445,18.0,unique held-out perturbation
Supplementary Fig. S5b,Nadig-HEPG2,Nadig-HepG2,0.4,presage,PRESAGE,0.2821679272367362,0.0033949663610836,0.2787729608756526,0.2821679272367362,1.0,953,28.608604407135363,12.0,unique held-out perturbation
Supplementary Fig. S5b,Nadig-HEPG2,Nadig-HepG2,0.45,presage,PRESAGE,0.2778707942389087,0.0028428639980022,0.2750279302409064,0.2778707942389087,1.0,906,20.428256070640177,9.0,unique held-out perturbation
Supplementary Fig. S5b,Nadig-HEPG2,Nadig-HepG2,0.5,presage,PRESAGE,0.2708818162386293,0.0016213792191891,0.2692604370194401,0.2708818162386293,1.0,853,15.007033997655334,6.0,unique held-out perturbation
Supplementary Fig. S5b,Nadig-HEPG2,Nadig-HepG2,0.0,weighted,Weighted,0.2266011646923935,0.0579220807737566,0.1686790839186369,0.2784575660302674,0.7648614177552501,1030,472.68834951456313,220.0,unique held-out perturbation
Supplementary Fig. S5b,Nadig-HEPG2,Nadig-HepG2,0.01,weighted,Weighted,0.2266010854810097,0.0579285930632943,0.1686724924177153,0.2784575872289433,0.7648540413285434,1030,472.6864077669903,220.0,unique held-out perturbation
Supplementary Fig. S5b,Nadig-HEPG2,Nadig-HepG2,0.05,weighted,Weighted,0.2269277065240698,0.0560233715003606,0.1709043350237092,0.2806092398212407,0.7609754625323413,1030,455.5689320388349,218.0,unique held-out perturbation
Supplementary Fig. S5b,Nadig-HEPG2,Nadig-HepG2,0.1,weighted,Weighted,0.2269460539081886,0.0450522856294137,0.1818937682787749,0.2904589249538062,0.7411933466002821,1030,365.3456310679612,197.5,unique held-out perturbation
Supplementary Fig. S5b,Nadig-HEPG2,Nadig-HepG2,0.15,weighted,Weighted,0.2212135816449603,0.0303194559479376,0.1908941256970227,0.299932295242541,0.7080305455647625,1029,250.40913508260448,138.0,unique held-out perturbation
Supplementary Fig. S5b,Nadig-HEPG2,Nadig-HepG2,0.2,weighted,Weighted,0.2127053602395212,0.0197147393128049,0.1929906209267163,0.3067347962054508,0.6723941978692471,1028,159.69649805447472,78.0,unique held-out perturbation
Supplementary Fig. S5b,Nadig-HEPG2,Nadig-HepG2,0.25,weighted,Weighted,0.2049942677512293,0.0119753879664009,0.1930188797848284,0.3054745632997004,0.6576470941209117,1022,100.0156555772994,47.0,unique held-out perturbation
Supplementary Fig. S5b,Nadig-HEPG2,Nadig-HepG2,0.3,weighted,Weighted,0.1927303685503667,0.0089571516091136,0.1837732169412531,0.3001573344766095,0.6310889475810356,1009,64.0009910802775,28.0,unique held-out perturbation
Supplementary Fig. S5b,Nadig-HEPG2,Nadig-HepG2,0.35,weighted,Weighted,0.1860856405551022,0.0061700243623311,0.179915616192771,0.2932717301345982,0.6266616065857951,988,41.79554655870445,18.0,unique held-out perturbation
Supplementary Fig. S5b,Nadig-HEPG2,Nadig-HepG2,0.4,weighted,Weighted,0.1780254526780145,0.0033949663610836,0.1746304863169309,0.2821679272367362,0.6264254817554753,953,28.608604407135363,12.0,unique held-out perturbation
Supplementary Fig. S5b,Nadig-HEPG2,Nadig-HepG2,0.45,weighted,Weighted,0.1723749556766891,0.0028428639980022,0.1695320916786868,0.2778707942389087,0.6164177272111521,906,20.428256070640177,9.0,unique held-out perturbation
Supplementary Fig. S5b,Nadig-HEPG2,Nadig-HepG2,0.5,weighted,Weighted,0.1687770889950779,0.0016213792191891,0.1671557097758887,0.2708818162386293,0.6207956565257318,853,15.007033997655334,6.0,unique held-out perturbation
Supplementary Fig. S5b,Nadig-HEPG2,Nadig-HepG2,0.0,linear_otherds,Linear (cross-dataset),0.2489677133075927,0.0579220807737566,0.1910456325338361,0.2784575660302674,0.8662806908902926,1030,472.68834951456313,220.0,unique held-out perturbation
Supplementary Fig. S5b,Nadig-HEPG2,Nadig-HepG2,0.01,linear_otherds,Linear (cross-dataset),0.2489676263676257,0.0579285930632943,0.1910390333043313,0.2784575872289433,0.866276264611417,1030,472.6864077669903,220.0,unique held-out perturbation
Supplementary Fig. S5b,Nadig-HEPG2,Nadig-HepG2,0.05,linear_otherds,Linear (cross-dataset),0.250602543780465,0.0560233715003606,0.1945791722801043,0.2806092398212407,0.866390987709417,1030,455.5689320388349,218.0,unique held-out perturbation
Supplementary Fig. S5b,Nadig-HEPG2,Nadig-HepG2,0.1,linear_otherds,Linear (cross-dataset),0.2566206345042338,0.0450522856294137,0.21156834887482,0.2904589249538062,0.862113386407435,1030,365.3456310679612,197.5,unique held-out perturbation
Supplementary Fig. S5b,Nadig-HEPG2,Nadig-HepG2,0.15,linear_otherds,Linear (cross-dataset),0.2581087869965451,0.0303194559479376,0.2277893310486075,0.299932295242541,0.8448756804185585,1029,250.40913508260448,138.0,unique held-out perturbation
Supplementary Fig. S5b,Nadig-HEPG2,Nadig-HepG2,0.2,linear_otherds,Linear (cross-dataset),0.2524670395459018,0.0197147393128049,0.2327523002330969,0.3067347962054508,0.8109269531646467,1028,159.69649805447472,78.0,unique held-out perturbation
Supplementary Fig. S5b,Nadig-HEPG2,Nadig-HepG2,0.25,linear_otherds,Linear (cross-dataset),0.2420056821258487,0.0119753879664009,0.2300302941594478,0.3054745632997004,0.7837510749330863,1022,100.0156555772994,47.0,unique held-out perturbation
Supplementary Fig. S5b,Nadig-HEPG2,Nadig-HepG2,0.3,linear_otherds,Linear (cross-dataset),0.2302812478691303,0.0089571516091136,0.2213240962600166,0.3001573344766095,0.7600410620645979,1009,64.0009910802775,28.0,unique held-out perturbation
Supplementary Fig. S5b,Nadig-HEPG2,Nadig-HepG2,0.35,linear_otherds,Linear (cross-dataset),0.2205259423780377,0.0061700243623311,0.2143559180157065,0.2932717301345982,0.7466201478640345,988,41.79554655870445,18.0,unique held-out perturbation
Supplementary Fig. S5b,Nadig-HEPG2,Nadig-HepG2,0.4,linear_otherds,Linear (cross-dataset),0.2072661718356158,0.0033949663610836,0.2038712054745322,0.2821679272367362,0.7313162827347145,953,28.608604407135363,12.0,unique held-out perturbation
Supplementary Fig. S5b,Nadig-HEPG2,Nadig-HepG2,0.45,linear_otherds,Linear (cross-dataset),0.1997217418046224,0.0028428639980022,0.1968788778066201,0.2778707942389087,0.7158504870184172,906,20.428256070640177,9.0,unique held-out perturbation
Supplementary Fig. S5b,Nadig-HEPG2,Nadig-HepG2,0.5,linear_otherds,Linear (cross-dataset),0.1884740285678348,0.0016213792191891,0.1868526493486456,0.2708818162386293,0.6939476568373659,853,15.007033997655334,6.0,unique held-out perturbation
Supplementary Fig. S5b,Nadig-HEPG2,Nadig-HepG2,0.0,linear_train,Linear (training),0.182606031842762,0.0579220807737566,0.1246839510690054,0.2784575660302674,0.5653691102090991,1030,472.68834951456313,220.0,unique held-out perturbation
Supplementary Fig. S5b,Nadig-HEPG2,Nadig-HepG2,0.01,linear_train,Linear (training),0.1826066254019465,0.0579285930632943,0.1246780323386521,0.2784575872289433,0.5653589126017644,1030,472.6864077669903,220.0,unique held-out perturbation
Supplementary Fig. S5b,Nadig-HEPG2,Nadig-HepG2,0.05,linear_train,Linear (training),0.1834738686135958,0.0560233715003606,0.1274504971132351,0.2806092398212407,0.5674911697076973,1030,455.5689320388349,218.0,unique held-out perturbation
Supplementary Fig. S5b,Nadig-HEPG2,Nadig-HepG2,0.1,linear_train,Linear (training),0.1840256370579676,0.0450522856294137,0.1389733514285539,0.2904589249538062,0.5662982542409988,1030,365.3456310679612,197.5,unique held-out perturbation
Supplementary Fig. S5b,Nadig-HEPG2,Nadig-HepG2,0.15,linear_train,Linear (training),0.1766219625087814,0.0303194559479376,0.1463025065608437,0.299932295242541,0.5426392413047525,1029,250.40913508260448,138.0,unique held-out perturbation
Supplementary Fig. S5b,Nadig-HEPG2,Nadig-HepG2,0.2,linear_train,Linear (training),0.1624533688667456,0.0197147393128049,0.1427386295539407,0.3067347962054508,0.4973123868041363,1028,159.69649805447472,78.0,unique held-out perturbation
Supplementary Fig. S5b,Nadig-HEPG2,Nadig-HepG2,0.25,linear_train,Linear (training),0.1471735786380124,0.0119753879664009,0.1351981906716115,0.3054745632997004,0.4606424890907431,1022,100.0156555772994,47.0,unique held-out perturbation
Supplementary Fig. S5b,Nadig-HEPG2,Nadig-HepG2,0.3,linear_train,Linear (training),0.1337077767410427,0.0089571516091136,0.1247506251319291,0.3001573344766095,0.4284016029917608,1009,64.0009910802775,28.0,unique held-out perturbation
Supplementary Fig. S5b,Nadig-HEPG2,Nadig-HepG2,0.35,linear_train,Linear (training),0.1183938324184762,0.0061700243623311,0.112223808056145,0.2932717301345982,0.3908852013061968,988,41.79554655870445,18.0,unique held-out perturbation
Supplementary Fig. S5b,Nadig-HEPG2,Nadig-HepG2,0.4,linear_train,Linear (training),0.1041218685851183,0.0033949663610836,0.1007269022240347,0.2821679272367362,0.3613223531709886,953,28.608604407135363,12.0,unique held-out perturbation
Supplementary Fig. S5b,Nadig-HEPG2,Nadig-HepG2,0.45,linear_train,Linear (training),0.0904359137054594,0.0028428639980022,0.0875930497074571,0.2778707942389087,0.3184878336928594,906,20.428256070640177,9.0,unique held-out perturbation
Supplementary Fig. S5b,Nadig-HEPG2,Nadig-HepG2,0.5,linear_train,Linear (training),0.0808383068030103,0.0016213792191891,0.0792169275838212,0.2708818162386293,0.2942018829825412,853,15.007033997655334,6.0,unique held-out perturbation
Supplementary Fig. S5b,Nadig-HEPG2,Nadig-HepG2,0.0,gears,GEARS,0.0943053790278417,0.0579220807737566,0.0363832982540851,0.2784575660302674,0.1649770702967223,1030,472.68834951456313,220.0,unique held-out perturbation
Supplementary Fig. S5b,Nadig-HEPG2,Nadig-HepG2,0.01,gears,GEARS,0.0943057135689709,0.0579285930632943,0.0363771205056765,0.2784575872289433,0.1649539129460323,1030,472.6864077669903,220.0,unique held-out perturbation
Supplementary Fig. S5b,Nadig-HEPG2,Nadig-HepG2,0.05,gears,GEARS,0.0937124192993718,0.0560233715003606,0.0376890477990111,0.2806092398212407,0.1678157583145991,1030,455.5689320388349,218.0,unique held-out perturbation
Supplementary Fig. S5b,Nadig-HEPG2,Nadig-HepG2,0.1,gears,GEARS,0.0889213835825169,0.0450522856294137,0.0438690979531032,0.2904589249538062,0.1787608439359072,1030,365.3456310679612,197.5,unique held-out perturbation
Supplementary Fig. S5b,Nadig-HEPG2,Nadig-HepG2,0.15,gears,GEARS,0.0794249752698283,0.0303194559479376,0.0491055193218907,0.299932295242541,0.1821334601511079,1029,250.40913508260448,138.0,unique held-out perturbation
Supplementary Fig. S5b,Nadig-HEPG2,Nadig-HepG2,0.2,gears,GEARS,0.0684453419123189,0.0197147393128049,0.048730602599514,0.3067347962054508,0.1697811753195378,1028,159.69649805447472,78.0,unique held-out perturbation
Supplementary Fig. S5b,Nadig-HEPG2,Nadig-HepG2,0.25,gears,GEARS,0.060876816960236,0.0119753879664009,0.0489014289938351,0.3054745632997004,0.1666152177030902,1022,100.0156555772994,47.0,unique held-out perturbation
Supplementary Fig. S5b,Nadig-HEPG2,Nadig-HepG2,0.3,gears,GEARS,0.0565406871903028,0.0089571516091136,0.0475835355811892,0.3001573344766095,0.1634048959469269,1009,64.0009910802775,28.0,unique held-out perturbation
Supplementary Fig. S5b,Nadig-HEPG2,Nadig-HepG2,0.35,gears,GEARS,0.0530254711328396,0.0061700243623311,0.0468554467705085,0.2932717301345982,0.1632015617757245,988,41.79554655870445,18.0,unique held-out perturbation
Supplementary Fig. S5b,Nadig-HEPG2,Nadig-HepG2,0.4,gears,GEARS,0.0489471902164911,0.0033949663610836,0.0455522238554075,0.2821679272367362,0.1634025900945473,953,28.608604407135363,12.0,unique held-out perturbation
Supplementary Fig. S5b,Nadig-HEPG2,Nadig-HepG2,0.45,gears,GEARS,0.0429549765715994,0.0028428639980022,0.0401121125735971,0.2778707942389087,0.1458474146188046,906,20.428256070640177,9.0,unique held-out perturbation
Supplementary Fig. S5b,Nadig-HEPG2,Nadig-HepG2,0.5,gears,GEARS,0.042707169731713,0.0016213792191891,0.0410857905125238,0.2708818162386293,0.1525875504300601,853,15.007033997655334,6.0,unique held-out perturbation
Supplementary Fig. S5b,Nadig-HEPG2,Nadig-HepG2,0.0,scGPT-ft,scGPT-ft,0.1743377587339976,0.0579220807737566,0.116415677960241,0.2784575660302674,0.5278773065696655,1030,472.68834951456313,220.0,unique held-out perturbation
Supplementary Fig. S5b,Nadig-HEPG2,Nadig-HepG2,0.01,scGPT-ft,scGPT-ft,0.1743383530615934,0.0579285930632943,0.116409759998299,0.2784575872289433,0.527866008906106,1030,472.6864077669903,220.0,unique held-out perturbation
Supplementary Fig. S5b,Nadig-HEPG2,Nadig-HepG2,0.05,scGPT-ft,scGPT-ft,0.1749659833786864,0.0560233715003606,0.1189426118783257,0.2806092398212407,0.5296086203802678,1030,455.5689320388349,218.0,unique held-out perturbation
Supplementary Fig. S5b,Nadig-HEPG2,Nadig-HepG2,0.1,scGPT-ft,scGPT-ft,0.1727045326256894,0.0450522856294137,0.1276522469962757,0.2904589249538062,0.5201662324528133,1030,365.3456310679612,197.5,unique held-out perturbation
Supplementary Fig. S5b,Nadig-HEPG2,Nadig-HepG2,0.15,scGPT-ft,scGPT-ft,0.1628386503239172,0.0303194559479376,0.1325191943759795,0.299932295242541,0.4915166307461237,1029,250.40913508260448,138.0,unique held-out perturbation
Supplementary Fig. S5b,Nadig-HEPG2,Nadig-HepG2,0.2,scGPT-ft,scGPT-ft,0.1452894146160025,0.0197147393128049,0.1255746753031976,0.3067347962054508,0.4375118472998083,1028,159.69649805447472,78.0,unique held-out perturbation
Supplementary Fig. S5b,Nadig-HEPG2,Nadig-HepG2,0.25,scGPT-ft,scGPT-ft,0.1298693126178559,0.0119753879664009,0.1178939246514549,0.3054745632997004,0.4016840064970333,1022,100.0156555772994,47.0,unique held-out perturbation
Supplementary Fig. S5b,Nadig-HEPG2,Nadig-HepG2,0.3,scGPT-ft,scGPT-ft,0.1173809758776096,0.0089571516091136,0.108423824268496,0.3001573344766095,0.3723343275434408,1009,64.0009910802775,28.0,unique held-out perturbation
Supplementary Fig. S5b,Nadig-HEPG2,Nadig-HepG2,0.35,scGPT-ft,scGPT-ft,0.1037287870848704,0.0061700243623311,0.0975587627225393,0.2932717301345982,0.3398055837394579,988,41.79554655870445,18.0,unique held-out perturbation
Supplementary Fig. S5b,Nadig-HEPG2,Nadig-HepG2,0.4,scGPT-ft,scGPT-ft,0.0899941375701666,0.0033949663610836,0.0865991712090829,0.2821679272367362,0.3106440844803121,953,28.608604407135363,12.0,unique held-out perturbation
Supplementary Fig. S5b,Nadig-HEPG2,Nadig-HepG2,0.45,scGPT-ft,scGPT-ft,0.0778662260805108,0.0028428639980022,0.0750233620825085,0.2778707942389087,0.2727845205277623,906,20.428256070640177,9.0,unique held-out perturbation
Supplementary Fig. S5b,Nadig-HEPG2,Nadig-HepG2,0.5,scGPT-ft,scGPT-ft,0.0699889491824614,0.0016213792191891,0.0683675699632723,0.2708818162386293,0.2539087090553014,853,15.007033997655334,6.0,unique held-out perturbation
Supplementary Fig. S5b,Nadig-JURKAT,Nadig-Jurkat,0.0,rejfreq,DE frequency,0.2702743449367082,0.0366076563501218,0.2336666885865864,0.2808999310947362,0.9565046165739948,1298,297.2449922958398,141.0,unique held-out perturbation
Supplementary Fig. S5b,Nadig-JURKAT,Nadig-Jurkat,0.01,rejfreq,DE frequency,0.2702743449367082,0.0366076563501218,0.2336666885865864,0.2808999310947362,0.9565046165739948,1298,297.2449922958398,141.0,unique held-out perturbation
Supplementary Fig. S5b,Nadig-JURKAT,Nadig-Jurkat,0.05,rejfreq,DE frequency,0.2711936187337665,0.0352829610495372,0.2359106576842292,0.2819895450871727,0.9562398125874124,1298,289.6648690292758,141.0,unique held-out perturbation
Supplementary Fig. S5b,Nadig-JURKAT,Nadig-Jurkat,0.1,rejfreq,DE frequency,0.2692354144692785,0.0288670721237315,0.240368342345547,0.2898877362246846,0.920878594702301,1298,234.87519260400617,127.0,unique held-out perturbation
Supplementary Fig. S5b,Nadig-JURKAT,Nadig-Jurkat,0.15,rejfreq,DE frequency,0.2503053283663203,0.0188374507142548,0.2314678776520654,0.2964776166963294,0.8336973752818239,1297,158.7316885119507,92.0,unique held-out perturbation
Supplementary Fig. S5b,Nadig-JURKAT,Nadig-Jurkat,0.2,rejfreq,DE frequency,0.2292896517205153,0.0117706936207982,0.2175189580997171,0.2974481340339643,0.7614145442675712,1294,96.54173106646058,53.5,unique held-out perturbation
Supplementary Fig. S5b,Nadig-JURKAT,Nadig-Jurkat,0.25,rejfreq,DE frequency,0.2137051927371644,0.0071583207128815,0.2065468720242828,0.3027787192260507,0.6986895121687001,1275,57.72627450980392,30.0,unique held-out perturbation
Supplementary Fig. S5b,Nadig-JURKAT,Nadig-Jurkat,0.3,rejfreq,DE frequency,0.1984333446352885,0.0047003811973989,0.1937329634378896,0.305820171588374,0.6433750607568701,1239,35.6319612590799,19.0,unique held-out perturbation
Supplementary Fig. S5b,Nadig-JURKAT,Nadig-Jurkat,0.35,rejfreq,DE frequency,0.1815992508726122,0.002688751719395,0.1789104991532172,0.2994040686784956,0.602970217334208,1205,22.547717842323653,12.0,unique held-out perturbation
Supplementary Fig. S5b,Nadig-JURKAT,Nadig-Jurkat,0.4,rejfreq,DE frequency,0.1716498173397906,0.0016034952826867,0.1700463220571039,0.3025320818583132,0.5650720125732207,1129,14.95925597874225,8.0,unique held-out perturbation
Supplementary Fig. S5b,Nadig-JURKAT,Nadig-Jurkat,0.45,rejfreq,DE frequency,0.161020956263374,0.0011159319654952,0.1599050242978787,0.2953696896664511,0.5434255981885777,1076,10.227695167286246,5.5,unique held-out perturbation
Supplementary Fig. S5b,Nadig-JURKAT,Nadig-Jurkat,0.5,rejfreq,DE frequency,0.1663613271630387,0.0006491595850334,0.1657121675780052,0.291879114361004,0.5690079775807396,991,7.391523713420787,4.0,unique held-out perturbation
Supplementary Fig. S5b,Nadig-JURKAT,Nadig-Jurkat,0.0,presage,PRESAGE,0.2808999310947362,0.0366076563501218,0.2442922747446144,0.2808999310947362,1.0,1298,297.2449922958398,141.0,unique held-out perturbation
Supplementary Fig. S5b,Nadig-JURKAT,Nadig-Jurkat,0.01,presage,PRESAGE,0.2808999310947362,0.0366076563501218,0.2442922747446144,0.2808999310947362,1.0,1298,297.2449922958398,141.0,unique held-out perturbation
Supplementary Fig. S5b,Nadig-JURKAT,Nadig-Jurkat,0.05,presage,PRESAGE,0.2819895450871727,0.0352829610495372,0.2467065840376354,0.2819895450871727,1.0,1298,289.6648690292758,141.0,unique held-out perturbation
Supplementary Fig. S5b,Nadig-JURKAT,Nadig-Jurkat,0.1,presage,PRESAGE,0.2898877362246846,0.0288670721237315,0.261020664100953,0.2898877362246846,1.0,1298,234.87519260400617,127.0,unique held-out perturbation
Supplementary Fig. S5b,Nadig-JURKAT,Nadig-Jurkat,0.15,presage,PRESAGE,0.2964776166963294,0.0188374507142548,0.2776401659820745,0.2964776166963294,1.0,1297,158.7316885119507,92.0,unique held-out perturbation
Supplementary Fig. S5b,Nadig-JURKAT,Nadig-Jurkat,0.2,presage,PRESAGE,0.2974481340339643,0.0117706936207982,0.2856774404131661,0.2974481340339643,1.0,1294,96.54173106646058,53.5,unique held-out perturbation
Supplementary Fig. S5b,Nadig-JURKAT,Nadig-Jurkat,0.25,presage,PRESAGE,0.3027787192260507,0.0071583207128815,0.2956203985131691,0.3027787192260507,1.0,1275,57.72627450980392,30.0,unique held-out perturbation
Supplementary Fig. S5b,Nadig-JURKAT,Nadig-Jurkat,0.3,presage,PRESAGE,0.305820171588374,0.0047003811973989,0.3011197903909751,0.305820171588374,1.0,1239,35.6319612590799,19.0,unique held-out perturbation
Supplementary Fig. S5b,Nadig-JURKAT,Nadig-Jurkat,0.35,presage,PRESAGE,0.2994040686784956,0.002688751719395,0.2967153169591006,0.2994040686784956,1.0,1205,22.547717842323653,12.0,unique held-out perturbation
Supplementary Fig. S5b,Nadig-JURKAT,Nadig-Jurkat,0.4,presage,PRESAGE,0.3025320818583132,0.0016034952826867,0.3009285865756265,0.3025320818583132,1.0,1129,14.95925597874225,8.0,unique held-out perturbation
Supplementary Fig. S5b,Nadig-JURKAT,Nadig-Jurkat,0.45,presage,PRESAGE,0.2953696896664511,0.0011159319654952,0.2942537577009559,0.2953696896664511,1.0,1076,10.227695167286246,5.5,unique held-out perturbation
Supplementary Fig. S5b,Nadig-JURKAT,Nadig-Jurkat,0.5,presage,PRESAGE,0.291879114361004,0.0006491595850334,0.2912299547759705,0.291879114361004,1.0,991,7.391523713420787,4.0,unique held-out perturbation
Supplementary Fig. S5b,Nadig-JURKAT,Nadig-Jurkat,0.0,weighted,Weighted,0.2205625249135201,0.0366076563501218,0.1839548685633982,0.2808999310947362,0.7530114030650643,1298,297.2449922958398,141.0,unique held-out perturbation
Supplementary Fig. S5b,Nadig-JURKAT,Nadig-Jurkat,0.01,weighted,Weighted,0.2205625249135201,0.0366076563501218,0.1839548685633982,0.2808999310947362,0.7530114030650643,1298,297.2449922958398,141.0,unique held-out perturbation
Supplementary Fig. S5b,Nadig-JURKAT,Nadig-Jurkat,0.05,weighted,Weighted,0.2209060496676139,0.0352829610495372,0.1856230886180767,0.2819895450871727,0.7524042754763269,1298,289.6648690292758,141.0,unique held-out perturbation
Supplementary Fig. S5b,Nadig-JURKAT,Nadig-Jurkat,0.1,weighted,Weighted,0.2251916578098961,0.0288670721237315,0.1963245856861646,0.2898877362246846,0.7521419285418475,1298,234.87519260400617,127.0,unique held-out perturbation
Supplementary Fig. S5b,Nadig-JURKAT,Nadig-Jurkat,0.15,weighted,Weighted,0.2354013149913804,0.0188374507142548,0.2165638642771255,0.2964776166963294,0.7800163334115991,1297,158.7316885119507,92.0,unique held-out perturbation
Supplementary Fig. S5b,Nadig-JURKAT,Nadig-Jurkat,0.2,weighted,Weighted,0.2480872984464908,0.0117706936207982,0.2363166048256926,0.2974481340339643,0.8272147933134499,1294,96.54173106646058,53.5,unique held-out perturbation
Supplementary Fig. S5b,Nadig-JURKAT,Nadig-Jurkat,0.25,weighted,Weighted,0.2607900301576574,0.0071583207128815,0.2536317094447758,0.3027787192260507,0.857964168644733,1275,57.72627450980392,30.0,unique held-out perturbation
Supplementary Fig. S5b,Nadig-JURKAT,Nadig-Jurkat,0.3,weighted,Weighted,0.2703296305621969,0.0047003811973989,0.2656292493647979,0.305820171588374,0.8821381318707213,1239,35.6319612590799,19.0,unique held-out perturbation
Supplementary Fig. S5b,Nadig-JURKAT,Nadig-Jurkat,0.35,weighted,Weighted,0.2692239047221396,0.002688751719395,0.2665351530027446,0.2994040686784956,0.898285790347264,1205,22.547717842323653,12.0,unique held-out perturbation
Supplementary Fig. S5b,Nadig-JURKAT,Nadig-Jurkat,0.4,weighted,Weighted,0.2685415299253429,0.0016034952826867,0.2669380346426562,0.3025320818583132,0.8870477799408794,1129,14.95925597874225,8.0,unique held-out perturbation
Supplementary Fig. S5b,Nadig-JURKAT,Nadig-Jurkat,0.45,weighted,Weighted,0.261563747620873,0.0011159319654952,0.2604478156553778,0.2953696896664511,0.8851129640290459,1076,10.227695167286246,5.5,unique held-out perturbation
Supplementary Fig. S5b,Nadig-JURKAT,Nadig-Jurkat,0.5,weighted,Weighted,0.2566998357872671,0.0006491595850334,0.2560506762022336,0.291879114361004,0.8792044637001759,991,7.391523713420787,4.0,unique held-out perturbation
Supplementary Fig. S5b,Nadig-JURKAT,Nadig-Jurkat,0.0,linear_otherds,Linear (cross-dataset),0.258062618489018,0.0366076563501218,0.2214549621388962,0.2808999310947362,0.9065164355704962,1298,297.2449922958398,141.0,unique held-out perturbation
Supplementary Fig. S5b,Nadig-JURKAT,Nadig-Jurkat,0.01,linear_otherds,Linear (cross-dataset),0.258062618489018,0.0366076563501218,0.2214549621388962,0.2808999310947362,0.9065164355704962,1298,297.2449922958398,141.0,unique held-out perturbation
Supplementary Fig. S5b,Nadig-JURKAT,Nadig-Jurkat,0.05,linear_otherds,Linear (cross-dataset),0.2589661806441553,0.0352829610495372,0.2236832195946181,0.2819895450871727,0.9066771382173362,1298,289.6648690292758,141.0,unique held-out perturbation
Supplementary Fig. S5b,Nadig-JURKAT,Nadig-Jurkat,0.1,linear_otherds,Linear (cross-dataset),0.2631245490328507,0.0288670721237315,0.2342574769091191,0.2898877362246846,0.8974671707160974,1298,234.87519260400617,127.0,unique held-out perturbation
Supplementary Fig. S5b,Nadig-JURKAT,Nadig-Jurkat,0.15,linear_otherds,Linear (cross-dataset),0.2590370713973139,0.0188374507142548,0.240199620683059,0.2964776166963294,0.8651472305291995,1297,158.7316885119507,92.0,unique held-out perturbation
Supplementary Fig. S5b,Nadig-JURKAT,Nadig-Jurkat,0.2,linear_otherds,Linear (cross-dataset),0.2472955324680832,0.0117706936207982,0.235524838847285,0.2974481340339643,0.8244432549754472,1294,96.54173106646058,53.5,unique held-out perturbation
Supplementary Fig. S5b,Nadig-JURKAT,Nadig-Jurkat,0.25,linear_otherds,Linear (cross-dataset),0.2379653987228172,0.0071583207128815,0.2308070780099357,0.3027787192260507,0.7807549112672407,1275,57.72627450980392,30.0,unique held-out perturbation
Supplementary Fig. S5b,Nadig-JURKAT,Nadig-Jurkat,0.3,linear_otherds,Linear (cross-dataset),0.2284574795593859,0.0047003811973989,0.2237570983619869,0.305820171588374,0.7430833359423499,1239,35.6319612590799,19.0,unique held-out perturbation
Supplementary Fig. S5b,Nadig-JURKAT,Nadig-Jurkat,0.35,linear_otherds,Linear (cross-dataset),0.2172484462261974,0.002688751719395,0.2145596945068024,0.2994040686784956,0.7231163416359038,1205,22.547717842323653,12.0,unique held-out perturbation
Supplementary Fig. S5b,Nadig-JURKAT,Nadig-Jurkat,0.4,linear_otherds,Linear (cross-dataset),0.2106522465179214,0.0016034952826867,0.2090487512352347,0.3025320818583132,0.6946789389937158,1129,14.95925597874225,8.0,unique held-out perturbation
Supplementary Fig. S5b,Nadig-JURKAT,Nadig-Jurkat,0.45,linear_otherds,Linear (cross-dataset),0.2061562966932807,0.0011159319654952,0.2050403647277855,0.2953696896664511,0.6968147707944102,1076,10.227695167286246,5.5,unique held-out perturbation
Supplementary Fig. S5b,Nadig-JURKAT,Nadig-Jurkat,0.5,linear_otherds,Linear (cross-dataset),0.1985942707811078,0.0006491595850334,0.1979451111960743,0.291879114361004,0.679686646067518,991,7.391523713420787,4.0,unique held-out perturbation
Supplementary Fig. S5b,Nadig-JURKAT,Nadig-Jurkat,0.0,linear_train,Linear (training),0.1907638705775325,0.0366076563501218,0.1541562142274107,0.2808999310947362,0.6310318833805414,1298,297.2449922958398,141.0,unique held-out perturbation
Supplementary Fig. S5b,Nadig-JURKAT,Nadig-Jurkat,0.01,linear_train,Linear (training),0.1907638705775325,0.0366076563501218,0.1541562142274107,0.2808999310947362,0.6310318833805414,1298,297.2449922958398,141.0,unique held-out perturbation
Supplementary Fig. S5b,Nadig-JURKAT,Nadig-Jurkat,0.05,linear_train,Linear (training),0.1911896839982141,0.0352829610495372,0.1559067229486768,0.2819895450871727,0.6319520152120993,1298,289.6648690292758,141.0,unique held-out perturbation
Supplementary Fig. S5b,Nadig-JURKAT,Nadig-Jurkat,0.1,linear_train,Linear (training),0.192399183527862,0.0288670721237315,0.1635321114041304,0.2898877362246846,0.626510211240909,1298,234.87519260400617,127.0,unique held-out perturbation
Supplementary Fig. S5b,Nadig-JURKAT,Nadig-Jurkat,0.15,linear_train,Linear (training),0.1860969511298037,0.0188374507142548,0.1672595004155488,0.2964776166963294,0.6024326481145662,1297,158.7316885119507,92.0,unique held-out perturbation
Supplementary Fig. S5b,Nadig-JURKAT,Nadig-Jurkat,0.2,linear_train,Linear (training),0.1744723877413176,0.0117706936207982,0.1627016941205194,0.2974481340339643,0.5695293751064459,1294,96.54173106646058,53.5,unique held-out perturbation
Supplementary Fig. S5b,Nadig-JURKAT,Nadig-Jurkat,0.25,linear_train,Linear (training),0.1611605619070006,0.0071583207128815,0.154002241194119,0.3027787192260507,0.5209459224352498,1275,57.72627450980392,30.0,unique held-out perturbation
Supplementary Fig. S5b,Nadig-JURKAT,Nadig-Jurkat,0.3,linear_train,Linear (training),0.1515752020690397,0.0047003811973989,0.1468748208716407,0.305820171588374,0.4877620985353966,1239,35.6319612590799,19.0,unique held-out perturbation
Supplementary Fig. S5b,Nadig-JURKAT,Nadig-Jurkat,0.35,linear_train,Linear (training),0.1407495058493607,0.002688751719395,0.1380607541299656,0.2994040686784956,0.4652970245853404,1205,22.547717842323653,12.0,unique held-out perturbation
Supplementary Fig. S5b,Nadig-JURKAT,Nadig-Jurkat,0.4,linear_train,Linear (training),0.1304839080360198,0.0016034952826867,0.1288804127533331,0.3025320818583132,0.4282757388386036,1129,14.95925597874225,8.0,unique held-out perturbation
Supplementary Fig. S5b,Nadig-JURKAT,Nadig-Jurkat,0.45,linear_train,Linear (training),0.1226747928432691,0.0011159319654952,0.1215588608777738,0.2953696896664511,0.4131089500012831,1076,10.227695167286246,5.5,unique held-out perturbation
Supplementary Fig. S5b,Nadig-JURKAT,Nadig-Jurkat,0.5,linear_train,Linear (training),0.1186364032299737,0.0006491595850334,0.1179872436449402,0.291879114361004,0.4051342992368428,991,7.391523713420787,4.0,unique held-out perturbation
Supplementary Fig. S5b,Nadig-JURKAT,Nadig-Jurkat,0.0,gears,GEARS,0.0574799246668999,0.0366076563501218,0.0208722683167781,0.2808999310947362,0.085439739503012,1298,297.2449922958398,141.0,unique held-out perturbation
Supplementary Fig. S5b,Nadig-JURKAT,Nadig-Jurkat,0.01,gears,GEARS,0.0574799246668999,0.0366076563501218,0.0208722683167781,0.2808999310947362,0.085439739503012,1298,297.2449922958398,141.0,unique held-out perturbation
Supplementary Fig. S5b,Nadig-JURKAT,Nadig-Jurkat,0.05,gears,GEARS,0.0571857309760806,0.0352829610495372,0.0219027699265434,0.2819895450871727,0.0887806460941557,1298,289.6648690292758,141.0,unique held-out perturbation
Supplementary Fig. S5b,Nadig-JURKAT,Nadig-Jurkat,0.1,gears,GEARS,0.0536844896415927,0.0288670721237315,0.0248174175178611,0.2898877362246846,0.0950783632527374,1298,234.87519260400617,127.0,unique held-out perturbation
Supplementary Fig. S5b,Nadig-JURKAT,Nadig-Jurkat,0.15,gears,GEARS,0.0444042483730897,0.0188374507142548,0.0255667976588349,0.2964776166963294,0.0920860912483593,1297,158.7316885119507,92.0,unique held-out perturbation
Supplementary Fig. S5b,Nadig-JURKAT,Nadig-Jurkat,0.2,gears,GEARS,0.0339936118155682,0.0117706936207982,0.0222229181947699,0.2974481340339643,0.0777902453992506,1294,96.54173106646058,53.5,unique held-out perturbation
Supplementary Fig. S5b,Nadig-JURKAT,Nadig-Jurkat,0.25,gears,GEARS,0.0273664706325,0.0071583207128815,0.0202081499196184,0.3027787192260507,0.0683584421821224,1275,57.72627450980392,30.0,unique held-out perturbation
Supplementary Fig. S5b,Nadig-JURKAT,Nadig-Jurkat,0.3,gears,GEARS,0.0217816410864122,0.0047003811973989,0.0170812598890132,0.305820171588374,0.0567257962913525,1239,35.6319612590799,19.0,unique held-out perturbation
Supplementary Fig. S5b,Nadig-JURKAT,Nadig-Jurkat,0.35,gears,GEARS,0.0181850327580223,0.002688751719395,0.0154962810386273,0.2994040686784956,0.052226090642848,1205,22.547717842323653,12.0,unique held-out perturbation
Supplementary Fig. S5b,Nadig-JURKAT,Nadig-Jurkat,0.4,gears,GEARS,0.0188171514790761,0.0016034952826867,0.0172136561963894,0.3025320818583132,0.0572017979158105,1129,14.95925597874225,8.0,unique held-out perturbation
Supplementary Fig. S5b,Nadig-JURKAT,Nadig-Jurkat,0.45,gears,GEARS,0.016090545475948,0.0011159319654952,0.0149746135104528,0.2953696896664511,0.0508901351930099,1076,10.227695167286246,5.5,unique held-out perturbation
Supplementary Fig. S5b,Nadig-JURKAT,Nadig-Jurkat,0.5,gears,GEARS,0.0145757455776459,0.0006491595850334,0.0139265859926124,0.291879114361004,0.0478198954613908,991,7.391523713420787,4.0,unique held-out perturbation
Supplementary Fig. S5b,Nadig-JURKAT,Nadig-Jurkat,0.0,scGPT-ft,scGPT-ft,0.1748921640031712,0.0366076563501218,0.1382845076530494,0.2808999310947362,0.5660617299405534,1298,297.2449922958398,141.0,unique held-out perturbation
Supplementary Fig. S5b,Nadig-JURKAT,Nadig-Jurkat,0.01,scGPT-ft,scGPT-ft,0.1748921640031712,0.0366076563501218,0.1382845076530494,0.2808999310947362,0.5660617299405534,1298,297.2449922958398,141.0,unique held-out perturbation
Supplementary Fig. S5b,Nadig-JURKAT,Nadig-Jurkat,0.05,scGPT-ft,scGPT-ft,0.17519998058647,0.0352829610495372,0.1399170195369328,0.2819895450871727,0.5671393817182773,1298,289.6648690292758,141.0,unique held-out perturbation
Supplementary Fig. S5b,Nadig-JURKAT,Nadig-Jurkat,0.1,scGPT-ft,scGPT-ft,0.1738191969191045,0.0288670721237315,0.1449521247953729,0.2898877362246846,0.5553281587671959,1298,234.87519260400617,127.0,unique held-out perturbation
Supplementary Fig. S5b,Nadig-JURKAT,Nadig-Jurkat,0.15,scGPT-ft,scGPT-ft,0.1624613296538326,0.0188374507142548,0.1436238789395777,0.2964776166963294,0.5173022369855903,1297,158.7316885119507,92.0,unique held-out perturbation
Supplementary Fig. S5b,Nadig-JURKAT,Nadig-Jurkat,0.2,scGPT-ft,scGPT-ft,0.1432099442620574,0.0117706936207982,0.1314392506412592,0.2974481340339643,0.4600967106508755,1294,96.54173106646058,53.5,unique held-out perturbation
Supplementary Fig. S5b,Nadig-JURKAT,Nadig-Jurkat,0.25,scGPT-ft,scGPT-ft,0.1236768159208983,0.0071583207128815,0.1165184952080167,0.3027787192260507,0.3941490363792542,1275,57.72627450980392,30.0,unique held-out perturbation
Supplementary Fig. S5b,Nadig-JURKAT,Nadig-Jurkat,0.3,scGPT-ft,scGPT-ft,0.1115583105648804,0.0047003811973989,0.1068579293674814,0.305820171588374,0.3548685034242907,1239,35.6319612590799,19.0,unique held-out perturbation
Supplementary Fig. S5b,Nadig-JURKAT,Nadig-Jurkat,0.35,scGPT-ft,scGPT-ft,0.0972194204406055,0.002688751719395,0.0945306687212105,0.2994040686784956,0.3185904579851559,1205,22.547717842323653,12.0,unique held-out perturbation
Supplementary Fig. S5b,Nadig-JURKAT,Nadig-Jurkat,0.4,scGPT-ft,scGPT-ft,0.0874877346433036,0.0016034952826867,0.0858842393606169,0.3025320818583132,0.2853974105216267,1129,14.95925597874225,8.0,unique held-out perturbation
Supplementary Fig. S5b,Nadig-JURKAT,Nadig-Jurkat,0.45,scGPT-ft,scGPT-ft,0.0798216384650835,0.0011159319654952,0.0787057064995882,0.2953696896664511,0.2674756207517161,1076,10.227695167286246,5.5,unique held-out perturbation
Supplementary Fig. S5b,Nadig-JURKAT,Nadig-Jurkat,0.5,scGPT-ft,scGPT-ft,0.0730470370201473,0.0006491595850334,0.0723978774351138,0.291879114361004,0.2485935126103566,991,7.391523713420787,4.0,unique held-out perturbation
Supplementary Fig. S5b,Huang-HCT116,Huang-HCT116,0.0,rejfreq,DE frequency,0.1590008070215459,0.0239688508348664,0.1350319561866795,0.1781305433326812,0.875911220218301,1064,218.72086466165413,81.5,unique held-out perturbation
Supplementary Fig. S5b,Huang-HCT116,Huang-HCT116,0.01,rejfreq,DE frequency,0.1590008070215459,0.0239688508348664,0.1350319561866795,0.1781305433326812,0.875911220218301,1064,218.72086466165413,81.5,unique held-out perturbation
Supplementary Fig. S5b,Huang-HCT116,Huang-HCT116,0.05,rejfreq,DE frequency,0.1599277137118827,0.0228399468610578,0.1370877668508248,0.1785678489762404,0.8803031761734598,1064,211.12124060150376,80.0,unique held-out perturbation
Supplementary Fig. S5b,Huang-HCT116,Huang-HCT116,0.1,rejfreq,DE frequency,0.1599712987261572,0.0153687171499356,0.1446025815762215,0.1838908222039244,0.8580629913796519,1064,140.15413533834587,57.0,unique held-out perturbation
Supplementary Fig. S5b,Huang-HCT116,Huang-HCT116,0.15,rejfreq,DE frequency,0.148200904908281,0.007639767588953,0.140561137319328,0.1850845734987562,0.7921400494009193,1049,72.50524308865586,29.0,unique held-out perturbation
Supplementary Fig. S5b,Huang-HCT116,Huang-HCT116,0.2,rejfreq,DE frequency,0.1366988303451982,0.0039605168484825,0.1327383134967156,0.1898419880041158,0.71410190952049,1014,37.571005917159766,15.0,unique held-out perturbation
Supplementary Fig. S5b,Huang-HCT116,Huang-HCT116,0.25,rejfreq,DE frequency,0.132029642761306,0.0024401647849858,0.1295894779763201,0.1946002733829361,0.6743828306605282,947,20.594508975712777,8.0,unique held-out perturbation
Supplementary Fig. S5b,Huang-HCT116,Huang-HCT116,0.3,rejfreq,DE frequency,0.1336086379379629,0.0015530872182924,0.1320555507196705,0.2082810159922403,0.6387891152533635,832,12.473557692307692,5.0,unique held-out perturbation
Supplementary Fig. S5b,Huang-HCT116,Huang-HCT116,0.35,rejfreq,DE frequency,0.1362542879215181,0.0009083144167982,0.1353459735047199,0.2097954834714479,0.6479381865207348,691,8.306801736613604,3.0,unique held-out perturbation
Supplementary Fig. S5b,Huang-HCT116,Huang-HCT116,0.4,rejfreq,DE frequency,0.1465218699509912,0.0003633966949432,0.1461584732560479,0.2234536736613807,0.6551539369778834,572,5.940559440559441,3.0,unique held-out perturbation
Supplementary Fig. S5b,Huang-HCT116,Huang-HCT116,0.45,rejfreq,DE frequency,0.1466125921828081,0.0007963367797759,0.1458162554030321,0.2510830340052294,0.5825969059461582,464,4.528017241379311,2.0,unique held-out perturbation
Supplementary Fig. S5b,Huang-HCT116,Huang-HCT116,0.5,rejfreq,DE frequency,0.1511861467355588,0.0,0.1511861467355588,0.2641665776777512,0.5723136820131206,376,3.651595744680851,2.0,unique held-out perturbation
Supplementary Fig. S5b,Huang-HCT116,Huang-HCT116,0.0,presage,PRESAGE,0.1435511503791129,0.0239688508348664,0.1195822995442465,0.1781305433326812,0.7756939976897408,1064,218.72086466165413,81.5,unique held-out perturbation
Supplementary Fig. S5b,Huang-HCT116,Huang-HCT116,0.01,presage,PRESAGE,0.1435511503791129,0.0239688508348664,0.1195822995442465,0.1781305433326812,0.7756939976897408,1064,218.72086466165413,81.5,unique held-out perturbation
Supplementary Fig. S5b,Huang-HCT116,Huang-HCT116,0.05,presage,PRESAGE,0.1442748903143415,0.0228399468610578,0.1214349434532837,0.1785678489762404,0.779789246524785,1064,211.12124060150376,80.0,unique held-out perturbation
Supplementary Fig. S5b,Huang-HCT116,Huang-HCT116,0.1,presage,PRESAGE,0.1483052781915192,0.0153687171499356,0.1329365610415835,0.1838908222039244,0.7888375296463047,1064,140.15413533834587,57.0,unique held-out perturbation
Supplementary Fig. S5b,Huang-HCT116,Huang-HCT116,0.15,presage,PRESAGE,0.1448599255455063,0.007639767588953,0.1372201579565533,0.1850845734987562,0.7733117757546738,1049,72.50524308865586,29.0,unique held-out perturbation
Supplementary Fig. S5b,Huang-HCT116,Huang-HCT116,0.2,presage,PRESAGE,0.1428012773735665,0.0039605168484825,0.1388407605250839,0.1898419880041158,0.7469316853471453,1014,37.571005917159766,15.0,unique held-out perturbation
Supplementary Fig. S5b,Huang-HCT116,Huang-HCT116,0.25,presage,PRESAGE,0.1436072193605818,0.0024401647849858,0.141167054575596,0.1946002733829361,0.7346324666736883,947,20.594508975712777,8.0,unique held-out perturbation
Supplementary Fig. S5b,Huang-HCT116,Huang-HCT116,0.3,presage,PRESAGE,0.1505090992718735,0.0015530872182924,0.1489560120535811,0.2082810159922403,0.7205413072969982,832,12.473557692307692,5.0,unique held-out perturbation
Supplementary Fig. S5b,Huang-HCT116,Huang-HCT116,0.35,presage,PRESAGE,0.1553104292127048,0.0009083144167982,0.1544021147959066,0.2097954834714479,0.739165145923881,691,8.306801736613604,3.0,unique held-out perturbation
Supplementary Fig. S5b,Huang-HCT116,Huang-HCT116,0.4,presage,PRESAGE,0.1601223227501539,0.0003633966949432,0.1597589260552107,0.2234536736613807,0.7161178345717211,572,5.940559440559441,3.0,unique held-out perturbation
Supplementary Fig. S5b,Huang-HCT116,Huang-HCT116,0.45,presage,PRESAGE,0.157312194939504,0.0007963367797759,0.156515858159728,0.2510830340052294,0.6253462924509389,464,4.528017241379311,2.0,unique held-out perturbation
Supplementary Fig. S5b,Huang-HCT116,Huang-HCT116,0.5,presage,PRESAGE,0.1659833118323171,0.0,0.1659833118323171,0.2641665776777512,0.6283282059806792,376,3.651595744680851,2.0,unique held-out perturbation
Supplementary Fig. S5b,Huang-HCT116,Huang-HCT116,0.0,weighted,Weighted,0.1781305433326812,0.0239688508348664,0.1541616924978148,0.1781305433326812,1.0,1064,218.72086466165413,81.5,unique held-out perturbation
Supplementary Fig. S5b,Huang-HCT116,Huang-HCT116,0.01,weighted,Weighted,0.1781305433326812,0.0239688508348664,0.1541616924978148,0.1781305433326812,1.0,1064,218.72086466165413,81.5,unique held-out perturbation
Supplementary Fig. S5b,Huang-HCT116,Huang-HCT116,0.05,weighted,Weighted,0.1785678489762404,0.0228399468610578,0.1557279021151826,0.1785678489762404,1.0,1064,211.12124060150376,80.0,unique held-out perturbation
Supplementary Fig. S5b,Huang-HCT116,Huang-HCT116,0.1,weighted,Weighted,0.1838908222039244,0.0153687171499356,0.1685221050539887,0.1838908222039244,1.0,1064,140.15413533834587,57.0,unique held-out perturbation
Supplementary Fig. S5b,Huang-HCT116,Huang-HCT116,0.15,weighted,Weighted,0.1850845734987562,0.007639767588953,0.1774448059098031,0.1850845734987562,1.0,1049,72.50524308865586,29.0,unique held-out perturbation
Supplementary Fig. S5b,Huang-HCT116,Huang-HCT116,0.2,weighted,Weighted,0.1898419880041158,0.0039605168484825,0.1858814711556333,0.1898419880041158,1.0,1014,37.571005917159766,15.0,unique held-out perturbation
Supplementary Fig. S5b,Huang-HCT116,Huang-HCT116,0.25,weighted,Weighted,0.1946002733829361,0.0024401647849858,0.1921601085979502,0.1946002733829361,1.0,947,20.594508975712777,8.0,unique held-out perturbation
Supplementary Fig. S5b,Huang-HCT116,Huang-HCT116,0.3,weighted,Weighted,0.2082810159922403,0.0015530872182924,0.2067279287739478,0.2082810159922403,1.0,832,12.473557692307692,5.0,unique held-out perturbation
Supplementary Fig. S5b,Huang-HCT116,Huang-HCT116,0.35,weighted,Weighted,0.2097954834714479,0.0009083144167982,0.2088871690546497,0.2097954834714479,1.0,691,8.306801736613604,3.0,unique held-out perturbation
Supplementary Fig. S5b,Huang-HCT116,Huang-HCT116,0.4,weighted,Weighted,0.2234536736613807,0.0003633966949432,0.2230902769664374,0.2234536736613807,1.0,572,5.940559440559441,3.0,unique held-out perturbation
Supplementary Fig. S5b,Huang-HCT116,Huang-HCT116,0.45,weighted,Weighted,0.2510830340052294,0.0007963367797759,0.2502866972254535,0.2510830340052294,1.0,464,4.528017241379311,2.0,unique held-out perturbation
Supplementary Fig. S5b,Huang-HCT116,Huang-HCT116,0.5,weighted,Weighted,0.2641665776777512,0.0,0.2641665776777512,0.2641665776777512,1.0,376,3.651595744680851,2.0,unique held-out perturbation
Supplementary Fig. S5b,Huang-HCT116,Huang-HCT116,0.0,linear_otherds,Linear (cross-dataset),0.1522803997622461,0.0239688508348664,0.1283115489273797,0.1781305433326812,0.8323179828166357,1064,218.72086466165413,81.5,unique held-out perturbation
Supplementary Fig. S5b,Huang-HCT116,Huang-HCT116,0.01,linear_otherds,Linear (cross-dataset),0.1522803997622461,0.0239688508348664,0.1283115489273797,0.1781305433326812,0.8323179828166357,1064,218.72086466165413,81.5,unique held-out perturbation
Supplementary Fig. S5b,Huang-HCT116,Huang-HCT116,0.05,linear_otherds,Linear (cross-dataset),0.1531497529415585,0.0228399468610578,0.1303098060805006,0.1785678489762404,0.8367787937200767,1064,211.12124060150376,80.0,unique held-out perturbation
Supplementary Fig. S5b,Huang-HCT116,Huang-HCT116,0.1,linear_otherds,Linear (cross-dataset),0.1558466296914387,0.0153687171499356,0.140477912541503,0.1838908222039244,0.8335874542778746,1064,140.15413533834587,57.0,unique held-out perturbation
Supplementary Fig. S5b,Huang-HCT116,Huang-HCT116,0.15,linear_otherds,Linear (cross-dataset),0.148481242122473,0.007639767588953,0.14084147453352,0.1850845734987562,0.7937199052482327,1049,72.50524308865586,29.0,unique held-out perturbation
Supplementary Fig. S5b,Huang-HCT116,Huang-HCT116,0.2,linear_otherds,Linear (cross-dataset),0.1405385424431572,0.0039605168484825,0.1365780255946747,0.1898419880041158,0.7347586865197651,1014,37.571005917159766,15.0,unique held-out perturbation
Supplementary Fig. S5b,Huang-HCT116,Huang-HCT116,0.25,linear_otherds,Linear (cross-dataset),0.1345951415786364,0.0024401647849858,0.1321549767936506,0.1946002733829361,0.6877336704162348,947,20.594508975712777,8.0,unique held-out perturbation
Supplementary Fig. S5b,Huang-HCT116,Huang-HCT116,0.3,linear_otherds,Linear (cross-dataset),0.1403867792348409,0.0015530872182924,0.1388336920165485,0.2082810159922403,0.6715768538868296,832,12.473557692307692,5.0,unique held-out perturbation
Supplementary Fig. S5b,Huang-HCT116,Huang-HCT116,0.35,linear_otherds,Linear (cross-dataset),0.1479991042626466,0.0009083144167982,0.1470907898458484,0.2097954834714479,0.7041638340522777,691,8.306801736613604,3.0,unique held-out perturbation
Supplementary Fig. S5b,Huang-HCT116,Huang-HCT116,0.4,linear_otherds,Linear (cross-dataset),0.1416340037119133,0.0003633966949432,0.14127060701697,0.2234536736613807,0.6332441240288715,572,5.940559440559441,3.0,unique held-out perturbation
Supplementary Fig. S5b,Huang-HCT116,Huang-HCT116,0.45,linear_otherds,Linear (cross-dataset),0.1385872374628105,0.0007963367797759,0.1377909006830345,0.2510830340052294,0.5505322584480594,464,4.528017241379311,2.0,unique held-out perturbation
Supplementary Fig. S5b,Huang-HCT116,Huang-HCT116,0.5,linear_otherds,Linear (cross-dataset),0.1478650726006178,0.0,0.1478650726006178,0.2641665776777512,0.5597417883082619,376,3.651595744680851,2.0,unique held-out perturbation
Supplementary Fig. S5b,Huang-HCT116,Huang-HCT116,0.0,linear_train,Linear (training),0.1010897349447142,0.0239688508348664,0.0771208841098478,0.1781305433326812,0.5002597134235601,1064,218.72086466165413,81.5,unique held-out perturbation
Supplementary Fig. S5b,Huang-HCT116,Huang-HCT116,0.01,linear_train,Linear (training),0.1010897349447142,0.0239688508348664,0.0771208841098478,0.1781305433326812,0.5002597134235601,1064,218.72086466165413,81.5,unique held-out perturbation
Supplementary Fig. S5b,Huang-HCT116,Huang-HCT116,0.05,linear_train,Linear (training),0.1016369467020392,0.0228399468610578,0.0787969998409813,0.1785678489762404,0.5059915324788743,1064,211.12124060150376,80.0,unique held-out perturbation
Supplementary Fig. S5b,Huang-HCT116,Huang-HCT116,0.1,linear_train,Linear (training),0.1004860691468797,0.0153687171499356,0.085117351996944,0.1838908222039244,0.5050812293715141,1064,140.15413533834587,57.0,unique held-out perturbation
Supplementary Fig. S5b,Huang-HCT116,Huang-HCT116,0.15,linear_train,Linear (training),0.0908535423906978,0.007639767588953,0.0832137748017448,0.1850845734987562,0.468955821924949,1049,72.50524308865586,29.0,unique held-out perturbation
Supplementary Fig. S5b,Huang-HCT116,Huang-HCT116,0.2,linear_train,Linear (training),0.0831178147022178,0.0039605168484825,0.0791572978537352,0.1898419880041158,0.4258482427625027,1014,37.571005917159766,15.0,unique held-out perturbation
Supplementary Fig. S5b,Huang-HCT116,Huang-HCT116,0.25,linear_train,Linear (training),0.0781068201100697,0.0024401647849858,0.0756666553250838,0.1946002733829361,0.3937687997637352,947,20.594508975712777,8.0,unique held-out perturbation
Supplementary Fig. S5b,Huang-HCT116,Huang-HCT116,0.3,linear_train,Linear (training),0.0730404306340479,0.0015530872182924,0.0714873434157555,0.2082810159922403,0.3458039938760538,832,12.473557692307692,5.0,unique held-out perturbation
Supplementary Fig. S5b,Huang-HCT116,Huang-HCT116,0.35,linear_train,Linear (training),0.074404627528086,0.0009083144167982,0.0734963131112878,0.2097954834714479,0.3518469489720526,691,8.306801736613604,3.0,unique held-out perturbation
Supplementary Fig. S5b,Huang-HCT116,Huang-HCT116,0.4,linear_train,Linear (training),0.0812979920531486,0.0003633966949432,0.0809345953582053,0.2234536736613807,0.3627885377110428,572,5.940559440559441,3.0,unique held-out perturbation
Supplementary Fig. S5b,Huang-HCT116,Huang-HCT116,0.45,linear_train,Linear (training),0.0801848411831354,0.0007963367797759,0.0793885044033594,0.2510830340052294,0.3171902673350945,464,4.528017241379311,2.0,unique held-out perturbation
Supplementary Fig. S5b,Huang-HCT116,Huang-HCT116,0.5,linear_train,Linear (training),0.0800739359687428,0.0,0.0800739359687428,0.2641665776777512,0.3031191026232794,376,3.651595744680851,2.0,unique held-out perturbation
Supplementary Fig. S5b,Huang-HCT116,Huang-HCT116,0.0,gears,GEARS,0.0415969890486696,0.0239688508348664,0.0176281382138032,0.1781305433326812,0.114348369742069,1064,218.72086466165413,81.5,unique held-out perturbation
Supplementary Fig. S5b,Huang-HCT116,Huang-HCT116,0.01,gears,GEARS,0.0415969890486696,0.0239688508348664,0.0176281382138032,0.1781305433326812,0.114348369742069,1064,218.72086466165413,81.5,unique held-out perturbation
Supplementary Fig. S5b,Huang-HCT116,Huang-HCT116,0.05,gears,GEARS,0.0415712606407632,0.0228399468610578,0.0187313137797054,0.1785678489762404,0.1202823227262833,1064,211.12124060150376,80.0,unique held-out perturbation
Supplementary Fig. S5b,Huang-HCT116,Huang-HCT116,0.1,gears,GEARS,0.0355092877479313,0.0153687171499356,0.0201405705979956,0.1838908222039244,0.1195129303158376,1064,140.15413533834587,57.0,unique held-out perturbation
Supplementary Fig. S5b,Huang-HCT116,Huang-HCT116,0.15,gears,GEARS,0.0256935449275753,0.007639767588953,0.0180537773386223,0.1850845734987562,0.1017430588968562,1049,72.50524308865586,29.0,unique held-out perturbation
Supplementary Fig. S5b,Huang-HCT116,Huang-HCT116,0.2,gears,GEARS,0.0190289396352773,0.0039605168484825,0.0150684227867947,0.1898419880041158,0.0810646843556471,1014,37.571005917159766,15.0,unique held-out perturbation
Supplementary Fig. S5b,Huang-HCT116,Huang-HCT116,0.25,gears,GEARS,0.0154246132606003,0.0024401647849858,0.0129844484756145,0.1946002733829361,0.0675709884343446,947,20.594508975712777,8.0,unique held-out perturbation
Supplementary Fig. S5b,Huang-HCT116,Huang-HCT116,0.3,gears,GEARS,0.0160225424567743,0.0015530872182924,0.0144694552384818,0.2082810159922403,0.0699927451713788,832,12.473557692307692,5.0,unique held-out perturbation
Supplementary Fig. S5b,Huang-HCT116,Huang-HCT116,0.35,gears,GEARS,0.0135512944457569,0.0009083144167982,0.0126429800289587,0.2097954834714479,0.0605254027146637,691,8.306801736613604,3.0,unique held-out perturbation
Supplementary Fig. S5b,Huang-HCT116,Huang-HCT116,0.4,gears,GEARS,0.0113514145354317,0.0003633966949432,0.0109880178404885,0.2234536736613807,0.0492536832617836,572,5.940559440559441,3.0,unique held-out perturbation
Supplementary Fig. S5b,Huang-HCT116,Huang-HCT116,0.45,gears,GEARS,0.0139548380759975,0.0007963367797759,0.0131585012962215,0.2510830340052294,0.0525737142328767,464,4.528017241379311,2.0,unique held-out perturbation
Supplementary Fig. S5b,Huang-HCT116,Huang-HCT116,0.5,gears,GEARS,0.007620896594202,0.0,0.007620896594202,0.2641665776777512,0.0288488296331663,376,3.651595744680851,2.0,unique held-out perturbation
Supplementary Fig. S5b,Huang-HCT116,Huang-HCT116,0.0,scGPT-ft,scGPT-ft,0.0524936330865102,0.0239688508348664,0.0285247822516438,0.1781305433326812,0.1850315846269535,1064,218.72086466165413,81.5,unique held-out perturbation
Supplementary Fig. S5b,Huang-HCT116,Huang-HCT116,0.01,scGPT-ft,scGPT-ft,0.0524936330865102,0.0239688508348664,0.0285247822516438,0.1781305433326812,0.1850315846269535,1064,218.72086466165413,81.5,unique held-out perturbation
Supplementary Fig. S5b,Huang-HCT116,Huang-HCT116,0.05,scGPT-ft,scGPT-ft,0.0521542476354496,0.0228399468610578,0.0293143007743917,0.1785678489762404,0.188240516800321,1064,211.12124060150376,80.0,unique held-out perturbation
Supplementary Fig. S5b,Huang-HCT116,Huang-HCT116,0.1,scGPT-ft,scGPT-ft,0.0420871380088348,0.0153687171499356,0.0267184208588992,0.1838908222039244,0.1585454967485691,1064,140.15413533834587,57.0,unique held-out perturbation
Supplementary Fig. S5b,Huang-HCT116,Huang-HCT116,0.15,scGPT-ft,scGPT-ft,0.0304999147770909,0.007639767588953,0.0228601471881379,0.1850845734987562,0.1288296215317676,1049,72.50524308865586,29.0,unique held-out perturbation
Supplementary Fig. S5b,Huang-HCT116,Huang-HCT116,0.2,scGPT-ft,scGPT-ft,0.0255858104467089,0.0039605168484825,0.0216252935982263,0.1898419880041158,0.116339156688297,1014,37.571005917159766,15.0,unique held-out perturbation
Supplementary Fig. S5b,Huang-HCT116,Huang-HCT116,0.25,scGPT-ft,scGPT-ft,0.0226244872949115,0.0024401647849858,0.0201843225099257,0.1946002733829361,0.1050390877544551,947,20.594508975712777,8.0,unique held-out perturbation
Supplementary Fig. S5b,Huang-HCT116,Huang-HCT116,0.3,scGPT-ft,scGPT-ft,0.0236148974124823,0.0015530872182924,0.0220618101941899,0.2082810159922403,0.1067190598049963,832,12.473557692307692,5.0,unique held-out perturbation
Supplementary Fig. S5b,Huang-HCT116,Huang-HCT116,0.35,scGPT-ft,scGPT-ft,0.0292750408763616,0.0009083144167982,0.0283667264595634,0.2097954834714479,0.1357992766522776,691,8.306801736613604,3.0,unique held-out perturbation
Supplementary Fig. S5b,Huang-HCT116,Huang-HCT116,0.4,scGPT-ft,scGPT-ft,0.0307048648290845,0.0003633966949432,0.0303414681341413,0.2234536736613807,0.1360053362554477,572,5.940559440559441,3.0,unique held-out perturbation
Supplementary Fig. S5b,Huang-HCT116,Huang-HCT116,0.45,scGPT-ft,scGPT-ft,0.0327351661788558,0.0007963367797759,0.0319388293990798,0.2510830340052294,0.1276089770376808,464,4.528017241379311,2.0,unique held-out perturbation
Supplementary Fig. S5b,Huang-HCT116,Huang-HCT116,0.5,scGPT-ft,scGPT-ft,0.0294933590079249,0.0,0.0294933590079249,0.2641665776777512,0.1116468224981245,376,3.651595744680851,2.0,unique held-out perturbation
Supplementary Fig. S5b,Huang-HEK293T,Huang-HEK293T,0.0,rejfreq,DE frequency,0.1205953147035991,0.01322194678988,0.107373367913719,0.1585616642378811,0.7387751249216139,1085,140.6064516129032,37.0,unique held-out perturbation
Supplementary Fig. S5b,Huang-HEK293T,Huang-HEK293T,0.01,rejfreq,DE frequency,0.1205953147035991,0.01322194678988,0.107373367913719,0.1585616642378811,0.7387751249216139,1085,140.6064516129032,37.0,unique held-out perturbation
Supplementary Fig. S5b,Huang-HEK293T,Huang-HEK293T,0.05,rejfreq,DE frequency,0.1222183117226871,0.0118822214920608,0.1103360902306263,0.1605286093228987,0.7422722599636302,1080,125.86481481481482,35.0,unique held-out perturbation
Supplementary Fig. S5b,Huang-HEK293T,Huang-HEK293T,0.1,rejfreq,DE frequency,0.1296057615320459,0.0067573096788616,0.1228484518531842,0.1918156737968978,0.6638362574891647,993,66.66565961732125,22.0,unique held-out perturbation
Supplementary Fig. S5b,Huang-HEK293T,Huang-HEK293T,0.15,rejfreq,DE frequency,0.1537910673048703,0.0032592725783401,0.1505317947265302,0.2181753032771388,0.700421435465175,855,31.85497076023392,11.0,unique held-out perturbation
Supplementary Fig. S5b,Huang-HEK293T,Huang-HEK293T,0.2,rejfreq,DE frequency,0.1894342897394271,0.0013219825272073,0.1881123072122198,0.2396198489787374,0.7893998801306177,749,16.104138851802404,5.0,unique held-out perturbation
Supplementary Fig. S5b,Huang-HEK293T,Huang-HEK293T,0.25,rejfreq,DE frequency,0.2037318976612673,0.0005399237502386,0.2031919739110287,0.2431601812714485,0.8374897297817997,631,9.410459587955629,3.0,unique held-out perturbation
Supplementary Fig. S5b,Huang-HEK293T,Huang-HEK293T,0.3,rejfreq,DE frequency,0.2305417496378116,0.0005503601498824,0.2299913894879292,0.2466155164282613,0.9346767862888112,513,6.093567251461988,2.0,unique held-out perturbation
Supplementary Fig. S5b,Huang-HEK293T,Huang-HEK293T,0.35,rejfreq,DE frequency,0.2357790920243438,9.376465072667596e-05,0.2356853273736172,0.2544233492516169,0.9266925345844812,395,4.455696202531645,2.0,unique held-out perturbation
Supplementary Fig. S5b,Huang-HEK293T,Huang-HEK293T,0.4,rejfreq,DE frequency,0.2474123247353477,0.001449190787426,0.2459631339479216,0.267450398581545,0.9246692373603562,306,3.519607843137255,2.0,unique held-out perturbation
Supplementary Fig. S5b,Huang-HEK293T,Huang-HEK293T,0.45,rejfreq,DE frequency,0.197022365157611,0.0010245901639344,0.1959977749936766,0.2833483228975032,0.6942306022095611,244,2.7827868852459017,1.5,unique held-out perturbation
Supplementary Fig. S5b,Huang-HEK293T,Huang-HEK293T,0.5,rejfreq,DE frequency,0.2147505544564368,0.0,0.2147505544564368,0.2786838433897257,0.7705884626979205,187,2.443850267379679,1.0,unique held-out perturbation
Supplementary Fig. S5b,Huang-HEK293T,Huang-HEK293T,0.0,presage,PRESAGE,0.0421128597640794,0.01322194678988,0.0288909129741993,0.1585616642378811,0.1987819536289921,1085,140.6064516129032,37.0,unique held-out perturbation
Supplementary Fig. S5b,Huang-HEK293T,Huang-HEK293T,0.01,presage,PRESAGE,0.0421128597640794,0.01322194678988,0.0288909129741993,0.1585616642378811,0.1987819536289921,1085,140.6064516129032,37.0,unique held-out perturbation
Supplementary Fig. S5b,Huang-HEK293T,Huang-HEK293T,0.05,presage,PRESAGE,0.0421732385387422,0.0118822214920608,0.0302910170466813,0.1605286093228987,0.2037790321629143,1080,125.86481481481482,35.0,unique held-out perturbation
Supplementary Fig. S5b,Huang-HEK293T,Huang-HEK293T,0.1,presage,PRESAGE,0.0485923070818993,0.0067573096788616,0.0418349974030376,0.1918156737968978,0.2260638021005847,993,66.66565961732125,22.0,unique held-out perturbation
Supplementary Fig. S5b,Huang-HEK293T,Huang-HEK293T,0.15,presage,PRESAGE,0.0577495430852702,0.0032592725783401,0.0544902705069301,0.2181753032771388,0.2535421407596037,855,31.85497076023392,11.0,unique held-out perturbation
Supplementary Fig. S5b,Huang-HEK293T,Huang-HEK293T,0.2,presage,PRESAGE,0.0710107745197019,0.0013219825272073,0.0696887919924945,0.2396198489787374,0.2924440450526203,749,16.104138851802404,5.0,unique held-out perturbation
Supplementary Fig. S5b,Huang-HEK293T,Huang-HEK293T,0.25,presage,PRESAGE,0.0805341394775667,0.0005399237502386,0.0799942157273281,0.2431601812714485,0.3297095491720638,631,9.410459587955629,3.0,unique held-out perturbation
Supplementary Fig. S5b,Huang-HEK293T,Huang-HEK293T,0.3,presage,PRESAGE,0.095018598743362,0.0005503601498824,0.0944682385934795,0.2466155164282613,0.3839155450624044,513,6.093567251461988,2.0,unique held-out perturbation
Supplementary Fig. S5b,Huang-HEK293T,Huang-HEK293T,0.35,presage,PRESAGE,0.1003970904350322,9.376465072667596e-05,0.1003033257843055,0.2544233492516169,0.3943832407138468,395,4.455696202531645,2.0,unique held-out perturbation
Supplementary Fig. S5b,Huang-HEK293T,Huang-HEK293T,0.4,presage,PRESAGE,0.1001194930166646,0.001449190787426,0.0986703022292385,0.267450398581545,0.370939301544856,306,3.519607843137255,2.0,unique held-out perturbation
Supplementary Fig. S5b,Huang-HEK293T,Huang-HEK293T,0.45,presage,PRESAGE,0.0927422531930728,0.0010245901639344,0.0917176630291384,0.2833483228975032,0.3248669962708843,244,2.7827868852459017,1.5,unique held-out perturbation
Supplementary Fig. S5b,Huang-HEK293T,Huang-HEK293T,0.5,presage,PRESAGE,0.0816799757976228,0.0,0.0816799757976228,0.2786838433897257,0.2930918951171396,187,2.443850267379679,1.0,unique held-out perturbation
Supplementary Fig. S5b,Huang-HEK293T,Huang-HEK293T,0.0,weighted,Weighted,0.1585616642378811,0.01322194678988,0.145339717448001,0.1585616642378811,1.0,1085,140.6064516129032,37.0,unique held-out perturbation
Supplementary Fig. S5b,Huang-HEK293T,Huang-HEK293T,0.01,weighted,Weighted,0.1585616642378811,0.01322194678988,0.145339717448001,0.1585616642378811,1.0,1085,140.6064516129032,37.0,unique held-out perturbation
Supplementary Fig. S5b,Huang-HEK293T,Huang-HEK293T,0.05,weighted,Weighted,0.1605286093228987,0.0118822214920608,0.1486463878308379,0.1605286093228987,1.0,1080,125.86481481481482,35.0,unique held-out perturbation
Supplementary Fig. S5b,Huang-HEK293T,Huang-HEK293T,0.1,weighted,Weighted,0.1918156737968978,0.0067573096788616,0.1850583641180361,0.1918156737968978,1.0,993,66.66565961732125,22.0,unique held-out perturbation
Supplementary Fig. S5b,Huang-HEK293T,Huang-HEK293T,0.15,weighted,Weighted,0.2181753032771388,0.0032592725783401,0.2149160306987987,0.2181753032771388,1.0,855,31.85497076023392,11.0,unique held-out perturbation
Supplementary Fig. S5b,Huang-HEK293T,Huang-HEK293T,0.2,weighted,Weighted,0.2396198489787374,0.0013219825272073,0.2382978664515301,0.2396198489787374,1.0,749,16.104138851802404,5.0,unique held-out perturbation
Supplementary Fig. S5b,Huang-HEK293T,Huang-HEK293T,0.25,weighted,Weighted,0.2431601812714485,0.0005399237502386,0.2426202575212099,0.2431601812714485,1.0,631,9.410459587955629,3.0,unique held-out perturbation
Supplementary Fig. S5b,Huang-HEK293T,Huang-HEK293T,0.3,weighted,Weighted,0.2466155164282613,0.0005503601498824,0.2460651562783788,0.2466155164282613,1.0,513,6.093567251461988,2.0,unique held-out perturbation
Supplementary Fig. S5b,Huang-HEK293T,Huang-HEK293T,0.35,weighted,Weighted,0.2544233492516169,9.376465072667596e-05,0.2543295846008902,0.2544233492516169,1.0,395,4.455696202531645,2.0,unique held-out perturbation
Supplementary Fig. S5b,Huang-HEK293T,Huang-HEK293T,0.4,weighted,Weighted,0.267450398581545,0.001449190787426,0.2660012077941189,0.267450398581545,1.0,306,3.519607843137255,2.0,unique held-out perturbation
Supplementary Fig. S5b,Huang-HEK293T,Huang-HEK293T,0.45,weighted,Weighted,0.2833483228975032,0.0010245901639344,0.2823237327335688,0.2833483228975032,1.0,244,2.7827868852459017,1.5,unique held-out perturbation
Supplementary Fig. S5b,Huang-HEK293T,Huang-HEK293T,0.5,weighted,Weighted,0.2786838433897257,0.0,0.2786838433897257,0.2786838433897257,1.0,187,2.443850267379679,1.0,unique held-out perturbation
Supplementary Fig. S5b,Huang-HEK293T,Huang-HEK293T,0.0,linear_otherds,Linear (cross-dataset),0.0979202294051035,0.01322194678988,0.0846982826152234,0.1585616642378811,0.5827607491085594,1085,140.6064516129032,37.0,unique held-out perturbation
Supplementary Fig. S5b,Huang-HEK293T,Huang-HEK293T,0.01,linear_otherds,Linear (cross-dataset),0.0979202294051035,0.01322194678988,0.0846982826152234,0.1585616642378811,0.5827607491085594,1085,140.6064516129032,37.0,unique held-out perturbation
Supplementary Fig. S5b,Huang-HEK293T,Huang-HEK293T,0.05,linear_otherds,Linear (cross-dataset),0.0999484469921347,0.0118822214920608,0.0880662255000739,0.1605286093228987,0.5924545277231678,1080,125.86481481481482,35.0,unique held-out perturbation
Supplementary Fig. S5b,Huang-HEK293T,Huang-HEK293T,0.1,linear_otherds,Linear (cross-dataset),0.1080980249312017,0.0067573096788616,0.10134071525234,0.1918156737968978,0.5476148875265198,993,66.66565961732125,22.0,unique held-out perturbation
Supplementary Fig. S5b,Huang-HEK293T,Huang-HEK293T,0.15,linear_otherds,Linear (cross-dataset),0.1296660282595766,0.0032592725783401,0.1264067556812365,0.2181753032771388,0.5881681104486502,855,31.85497076023392,11.0,unique held-out perturbation
Supplementary Fig. S5b,Huang-HEK293T,Huang-HEK293T,0.2,linear_otherds,Linear (cross-dataset),0.1518237943674378,0.0013219825272073,0.1505018118402304,0.2396198489787374,0.6315701188656784,749,16.104138851802404,5.0,unique held-out perturbation
Supplementary Fig. S5b,Huang-HEK293T,Huang-HEK293T,0.25,linear_otherds,Linear (cross-dataset),0.1674350089622527,0.0005399237502386,0.1668950852120141,0.2431601812714485,0.6878860278079795,631,9.410459587955629,3.0,unique held-out perturbation
Supplementary Fig. S5b,Huang-HEK293T,Huang-HEK293T,0.3,linear_otherds,Linear (cross-dataset),0.1702471121497706,0.0005503601498824,0.1696967519998881,0.2466155164282613,0.6896415346507107,513,6.093567251461988,2.0,unique held-out perturbation
Supplementary Fig. S5b,Huang-HEK293T,Huang-HEK293T,0.35,linear_otherds,Linear (cross-dataset),0.1910873885488576,9.376465072667596e-05,0.190993623898131,0.2544233492516169,0.7509689609954345,395,4.455696202531645,2.0,unique held-out perturbation
Supplementary Fig. S5b,Huang-HEK293T,Huang-HEK293T,0.4,linear_otherds,Linear (cross-dataset),0.2110075579496927,0.001449190787426,0.2095583671622667,0.267450398581545,0.7878098332713654,306,3.519607843137255,2.0,unique held-out perturbation
Supplementary Fig. S5b,Huang-HEK293T,Huang-HEK293T,0.45,linear_otherds,Linear (cross-dataset),0.1949681124886043,0.0010245901639344,0.1939435223246698,0.2833483228975032,0.6869543713057094,244,2.7827868852459017,1.5,unique held-out perturbation
Supplementary Fig. S5b,Huang-HEK293T,Huang-HEK293T,0.5,linear_otherds,Linear (cross-dataset),0.2201150973209796,0.0,0.2201150973209796,0.2786838433897257,0.789838028081016,187,2.443850267379679,1.0,unique held-out perturbation
Supplementary Fig. S5b,Huang-HEK293T,Huang-HEK293T,0.0,linear_train,Linear (training),0.0580902371839846,0.01322194678988,0.0448682903941046,0.1585616642378811,0.3087132077999076,1085,140.6064516129032,37.0,unique held-out perturbation
Supplementary Fig. S5b,Huang-HEK293T,Huang-HEK293T,0.01,linear_train,Linear (training),0.0580902371839846,0.01322194678988,0.0448682903941046,0.1585616642378811,0.3087132077999076,1085,140.6064516129032,37.0,unique held-out perturbation
Supplementary Fig. S5b,Huang-HEK293T,Huang-HEK293T,0.05,linear_train,Linear (training),0.0591999787354495,0.0118822214920608,0.0473177572433887,0.1605286093228987,0.3183242992573565,1080,125.86481481481482,35.0,unique held-out perturbation
Supplementary Fig. S5b,Huang-HEK293T,Huang-HEK293T,0.1,linear_train,Linear (training),0.0568717005863518,0.0067573096788616,0.0501143909074901,0.1918156737968978,0.2708031660515791,993,66.66565961732125,22.0,unique held-out perturbation
Supplementary Fig. S5b,Huang-HEK293T,Huang-HEK293T,0.15,linear_train,Linear (training),0.0497516338510034,0.0032592725783401,0.0464923612726633,0.2181753032771388,0.2163280287724166,855,31.85497076023392,11.0,unique held-out perturbation
Supplementary Fig. S5b,Huang-HEK293T,Huang-HEK293T,0.2,linear_train,Linear (training),0.0464921297909325,0.0013219825272073,0.0451701472637252,0.2396198489787374,0.1895533012374362,749,16.104138851802404,5.0,unique held-out perturbation
Supplementary Fig. S5b,Huang-HEK293T,Huang-HEK293T,0.25,linear_train,Linear (training),0.0389245462468029,0.0005399237502386,0.0383846224965642,0.2431601812714485,0.1582086462553881,631,9.410459587955629,3.0,unique held-out perturbation
Supplementary Fig. S5b,Huang-HEK293T,Huang-HEK293T,0.3,linear_train,Linear (training),0.0425796364520214,0.0005503601498824,0.042029276302139,0.2466155164282613,0.1708054766380266,513,6.093567251461988,2.0,unique held-out perturbation
Supplementary Fig. S5b,Huang-HEK293T,Huang-HEK293T,0.35,linear_train,Linear (training),0.0357369791326557,9.376465072667596e-05,0.035643214481929,0.2544233492516169,0.1401457661241519,395,4.455696202531645,2.0,unique held-out perturbation
Supplementary Fig. S5b,Huang-HEK293T,Huang-HEK293T,0.4,linear_train,Linear (training),0.0392620872307896,0.001449190787426,0.0378128964433635,0.267450398581545,0.1421531005702433,306,3.519607843137255,2.0,unique held-out perturbation
Supplementary Fig. S5b,Huang-HEK293T,Huang-HEK293T,0.45,linear_train,Linear (training),0.0285171681688075,0.0010245901639344,0.027492578004873,0.2833483228975032,0.0973796206882049,244,2.7827868852459017,1.5,unique held-out perturbation
Supplementary Fig. S5b,Huang-HEK293T,Huang-HEK293T,0.5,linear_train,Linear (training),0.0242070565599977,0.0,0.0242070565599977,0.2786838433897257,0.0868620737591355,187,2.443850267379679,1.0,unique held-out perturbation
Supplementary Fig. S5b,Huang-HEK293T,Huang-HEK293T,0.0,gears,GEARS,0.0225447554683515,0.01322194678988,0.0093228086784714,0.1585616642378811,0.0641449484158169,1085,140.6064516129032,37.0,unique held-out perturbation
Supplementary Fig. S5b,Huang-HEK293T,Huang-HEK293T,0.01,gears,GEARS,0.0225447554683515,0.01322194678988,0.0093228086784714,0.1585616642378811,0.0641449484158169,1085,140.6064516129032,37.0,unique held-out perturbation
Supplementary Fig. S5b,Huang-HEK293T,Huang-HEK293T,0.05,gears,GEARS,0.0220859491096393,0.0118822214920608,0.0102037276175785,0.1605286093228987,0.0686443025389255,1080,125.86481481481482,35.0,unique held-out perturbation
Supplementary Fig. S5b,Huang-HEK293T,Huang-HEK293T,0.1,gears,GEARS,0.0169720276016799,0.0067573096788616,0.0102147179228182,0.1918156737968978,0.0551972777426207,993,66.66565961732125,22.0,unique held-out perturbation
Supplementary Fig. S5b,Huang-HEK293T,Huang-HEK293T,0.15,gears,GEARS,0.0139539074649813,0.0032592725783401,0.0106946348866411,0.2181753032771388,0.0497619226070181,855,31.85497076023392,11.0,unique held-out perturbation
Supplementary Fig. S5b,Huang-HEK293T,Huang-HEK293T,0.2,gears,GEARS,0.0116142684474456,0.0013219825272073,0.0102922859202383,0.2396198489787374,0.0431908437683463,749,16.104138851802404,5.0,unique held-out perturbation
Supplementary Fig. S5b,Huang-HEK293T,Huang-HEK293T,0.25,gears,GEARS,0.0074949875504,0.0005399237502386,0.0069550638001614,0.2431601812714485,0.0286664595579098,631,9.410459587955629,3.0,unique held-out perturbation
Supplementary Fig. S5b,Huang-HEK293T,Huang-HEK293T,0.3,gears,GEARS,0.006234800853048,0.0005503601498824,0.0056844407031655,0.2466155164282613,0.0231013638385056,513,6.093567251461988,2.0,unique held-out perturbation
Supplementary Fig. S5b,Huang-HEK293T,Huang-HEK293T,0.35,gears,GEARS,0.0072258420731277,9.376465072667596e-05,0.007132077422401,0.2544233492516169,0.0280426574580111,395,4.455696202531645,2.0,unique held-out perturbation
Supplementary Fig. S5b,Huang-HEK293T,Huang-HEK293T,0.4,gears,GEARS,0.0079218430434751,0.001449190787426,0.006472652256049,0.267450398581545,0.0243331686713947,306,3.519607843137255,2.0,unique held-out perturbation
Supplementary Fig. S5b,Huang-HEK293T,Huang-HEK293T,0.45,gears,GEARS,0.0017963593783265,0.0010245901639344,0.0007717692143921,0.2833483228975032,0.0027336320858313,244,2.7827868852459017,1.5,unique held-out perturbation
Supplementary Fig. S5b,Huang-HEK293T,Huang-HEK293T,0.5,gears,GEARS,0.0,0.0,0.0,0.2786838433897257,0.0,187,2.443850267379679,1.0,unique held-out perturbation
Supplementary Fig. S5b,Huang-HEK293T,Huang-HEK293T,0.0,scGPT-ft,scGPT-ft,0.0263845561103532,0.01322194678988,0.0131626093204731,0.1585616642378811,0.0905644344959073,1085,140.6064516129032,37.0,unique held-out perturbation
Supplementary Fig. S5b,Huang-HEK293T,Huang-HEK293T,0.01,scGPT-ft,scGPT-ft,0.0263845561103532,0.01322194678988,0.0131626093204731,0.1585616642378811,0.0905644344959073,1085,140.6064516129032,37.0,unique held-out perturbation
Supplementary Fig. S5b,Huang-HEK293T,Huang-HEK293T,0.05,scGPT-ft,scGPT-ft,0.0255425723704108,0.0118822214920608,0.0136603508783499,0.1605286093228987,0.0918983036028813,1080,125.86481481481482,35.0,unique held-out perturbation
Supplementary Fig. S5b,Huang-HEK293T,Huang-HEK293T,0.1,scGPT-ft,scGPT-ft,0.0167295516392283,0.0067573096788616,0.0099722419603666,0.1918156737968978,0.0538870102299514,993,66.66565961732125,22.0,unique held-out perturbation
Supplementary Fig. S5b,Huang-HEK293T,Huang-HEK293T,0.15,scGPT-ft,scGPT-ft,0.0092588008680891,0.0032592725783401,0.005999528289749,0.2181753032771388,0.0279156853504207,855,31.85497076023392,11.0,unique held-out perturbation
Supplementary Fig. S5b,Huang-HEK293T,Huang-HEK293T,0.2,scGPT-ft,scGPT-ft,0.0043234767500236,0.0013219825272073,0.0030014942228163,0.2396198489787374,0.0125955564248697,749,16.104138851802404,5.0,unique held-out perturbation
Supplementary Fig. S5b,Huang-HEK293T,Huang-HEK293T,0.25,scGPT-ft,scGPT-ft,0.0028029496003303,0.0005399237502386,0.0022630258500916,0.2431601812714485,0.0093274398156708,631,9.410459587955629,3.0,unique held-out perturbation
Supplementary Fig. S5b,Huang-HEK293T,Huang-HEK293T,0.3,scGPT-ft,scGPT-ft,0.0016222923842127,0.0005503601498824,0.0010719322343302,0.2466155164282613,0.0043562942862075,513,6.093567251461988,2.0,unique held-out perturbation
Supplementary Fig. S5b,Huang-HEK293T,Huang-HEK293T,0.35,scGPT-ft,scGPT-ft,0.0001765207923579,9.376465072667596e-05,8.275614163129113e-05,0.2544233492516169,0.0003253893634165,395,4.455696202531645,2.0,unique held-out perturbation
Supplementary Fig. S5b,Huang-HEK293T,Huang-HEK293T,0.4,scGPT-ft,scGPT-ft,0.0,0.001449190787426,-0.001449190787426,0.267450398581545,-0.0054480609296621,306,3.519607843137255,2.0,unique held-out perturbation
Supplementary Fig. S5b,Huang-HEK293T,Huang-HEK293T,0.45,scGPT-ft,scGPT-ft,0.0,0.0010245901639344,-0.0010245901639344,0.2833483228975032,-0.0036291322518795,244,2.7827868852459017,1.5,unique held-out perturbation
Supplementary Fig. S5b,Huang-HEK293T,Huang-HEK293T,0.5,scGPT-ft,scGPT-ft,0.0,0.0,0.0,0.2786838433897257,0.0,187,2.443850267379679,1.0,unique held-out perturbation
Supplementary Fig. S5b,Pan-GW-hESC,Pan-GP-H1,0.0,rejfreq,DE frequency,0.2262740919101768,0.0465135819446914,0.1797605099654854,0.2382413227233026,0.9375821633086244,1125,389.5297777777778,89.0,unique held-out perturbation
Supplementary Fig. S5b,Pan-GW-hESC,Pan-GP-H1,0.01,rejfreq,DE frequency,0.2262714312763309,0.046349113585454,0.1799223176908768,0.2382132371510892,0.937759047117148,1125,389.1297777777778,89.0,unique held-out perturbation
Supplementary Fig. S5b,Pan-GW-hESC,Pan-GP-H1,0.05,rejfreq,DE frequency,0.2304118524809184,0.0302405721150335,0.2001712803658848,0.2428183472994327,0.941637855567204,1125,252.9911111111111,84.0,unique held-out perturbation
Supplementary Fig. S5b,Pan-GW-hESC,Pan-GP-H1,0.1,rejfreq,DE frequency,0.2125450332266298,0.0109479785539856,0.2015970546726442,0.2422291695138366,0.8716534787631746,1122,91.22727272727272,38.0,unique held-out perturbation
Supplementary Fig. S5b,Pan-GW-hESC,Pan-GP-H1,0.15,rejfreq,DE frequency,0.1747448263472869,0.004108435100535,0.1706363912467519,0.2344100288958979,0.7409257940193539,1095,35.406392694063925,14.0,unique held-out perturbation
Supplementary Fig. S5b,Pan-GW-hESC,Pan-GP-H1,0.2,rejfreq,DE frequency,0.1592656340756223,0.0018229700423856,0.1574426640332366,0.2287812057927125,0.6937076485139618,997,17.574724172517552,7.0,unique held-out perturbation
Supplementary Fig. S5b,Pan-GW-hESC,Pan-GP-H1,0.25,rejfreq,DE frequency,0.1479150233992689,0.0012106784296507,0.1467043449696181,0.2648230256705662,0.5565154534872565,843,10.734282325029657,4.0,unique held-out perturbation
Supplementary Fig. S5b,Pan-GW-hESC,Pan-GP-H1,0.3,rejfreq,DE frequency,0.151265712997648,0.0012593874349458,0.1500063255627021,0.2883734377252743,0.5224625037019833,686,7.540816326530612,3.0,unique held-out perturbation
Supplementary Fig. S5b,Pan-GW-hESC,Pan-GP-H1,0.35,rejfreq,DE frequency,0.1514967091525821,0.0003177647462326,0.1511789444063495,0.2835390999090539,0.5337837430906756,557,5.712746858168761,3.0,unique held-out perturbation
Supplementary Fig. S5b,Pan-GW-hESC,Pan-GP-H1,0.4,rejfreq,DE frequency,0.1562728001681886,0.0003921687957937,0.1558806313723948,0.3006476373901526,0.5191600076499773,453,4.518763796909492,2.0,unique held-out perturbation
Supplementary Fig. S5b,Pan-GW-hESC,Pan-GP-H1,0.45,rejfreq,DE frequency,0.1660903997513187,0.0014326647564469,0.1646577349948717,0.3177533124197867,0.5205405850398899,349,3.968481375358166,2.0,unique held-out perturbation
Supplementary Fig. S5b,Pan-GW-hESC,Pan-GP-H1,0.5,rejfreq,DE frequency,0.1979273713898474,0.0,0.1979273713898474,0.3410799935026677,0.5802960453859025,272,3.746323529411765,1.0,unique held-out perturbation
Supplementary Fig. S5b,Pan-GW-hESC,Pan-GP-H1,0.0,presage,PRESAGE,0.2382413227233026,0.0465135819446914,0.1917277407786111,0.2382413227233026,1.0,1125,389.5297777777778,89.0,unique held-out perturbation
Supplementary Fig. S5b,Pan-GW-hESC,Pan-GP-H1,0.01,presage,PRESAGE,0.2382132371510892,0.046349113585454,0.1918641235656352,0.2382132371510892,1.0,1125,389.1297777777778,89.0,unique held-out perturbation
Supplementary Fig. S5b,Pan-GW-hESC,Pan-GP-H1,0.05,presage,PRESAGE,0.2428183472994327,0.0302405721150335,0.2125777751843991,0.2428183472994327,1.0,1125,252.9911111111111,84.0,unique held-out perturbation
Supplementary Fig. S5b,Pan-GW-hESC,Pan-GP-H1,0.1,presage,PRESAGE,0.2422291695138366,0.0109479785539856,0.231281190959851,0.2422291695138366,1.0,1122,91.22727272727272,38.0,unique held-out perturbation
Supplementary Fig. S5b,Pan-GW-hESC,Pan-GP-H1,0.15,presage,PRESAGE,0.2344100288958979,0.004108435100535,0.2303015937953628,0.2344100288958979,1.0,1095,35.406392694063925,14.0,unique held-out perturbation
Supplementary Fig. S5b,Pan-GW-hESC,Pan-GP-H1,0.2,presage,PRESAGE,0.2220353456021582,0.0018229700423856,0.2202123755597725,0.2287812057927125,0.970277085701462,997,17.574724172517552,7.0,unique held-out perturbation
Supplementary Fig. S5b,Pan-GW-hESC,Pan-GP-H1,0.25,presage,PRESAGE,0.2250064590141629,0.0012106784296507,0.2237957805845121,0.2648230256705662,0.8489578842829585,843,10.734282325029657,4.0,unique held-out perturbation
Supplementary Fig. S5b,Pan-GW-hESC,Pan-GP-H1,0.3,presage,PRESAGE,0.2185970382833584,0.0012593874349458,0.2173376508484125,0.2883734377252743,0.7569732328621386,686,7.540816326530612,3.0,unique held-out perturbation
Supplementary Fig. S5b,Pan-GW-hESC,Pan-GP-H1,0.35,presage,PRESAGE,0.2212889647704048,0.0003177647462326,0.2209712000241722,0.2835390999090539,0.7802067591311154,557,5.712746858168761,3.0,unique held-out perturbation
Supplementary Fig. S5b,Pan-GW-hESC,Pan-GP-H1,0.4,presage,PRESAGE,0.204961647266996,0.0003921687957937,0.2045694784712022,0.3006476373901526,0.6813180769991999,453,4.518763796909492,2.0,unique held-out perturbation
Supplementary Fig. S5b,Pan-GW-hESC,Pan-GP-H1,0.45,presage,PRESAGE,0.2041580697566908,0.0014326647564469,0.2027254050002438,0.3177533124197867,0.6408857799760346,349,3.968481375358166,2.0,unique held-out perturbation
Supplementary Fig. S5b,Pan-GW-hESC,Pan-GP-H1,0.5,presage,PRESAGE,0.2244180949405933,0.0,0.2244180949405933,0.3410799935026677,0.6579632321320483,272,3.746323529411765,1.0,unique held-out perturbation
Supplementary Fig. S5b,Pan-GW-hESC,Pan-GP-H1,0.0,weighted,Weighted,0.1955236221274651,0.0465135819446914,0.1490100401827737,0.2382413227233026,0.7771960363046068,1125,389.5297777777778,89.0,unique held-out perturbation
Supplementary Fig. S5b,Pan-GW-hESC,Pan-GP-H1,0.01,weighted,Weighted,0.1955011825598453,0.046349113585454,0.1491520689743912,0.2382132371510892,0.777383839159318,1125,389.1297777777778,89.0,unique held-out perturbation
Supplementary Fig. S5b,Pan-GW-hESC,Pan-GP-H1,0.05,weighted,Weighted,0.191043387735813,0.0302405721150335,0.1608028156207794,0.2428183472994327,0.7564422738044563,1125,252.9911111111111,84.0,unique held-out perturbation
Supplementary Fig. S5b,Pan-GW-hESC,Pan-GP-H1,0.1,weighted,Weighted,0.189962255101191,0.0109479785539856,0.1790142765472054,0.2422291695138366,0.774011391952237,1122,91.22727272727272,38.0,unique held-out perturbation
Supplementary Fig. S5b,Pan-GW-hESC,Pan-GP-H1,0.15,weighted,Weighted,0.1993543041455367,0.004108435100535,0.1952458690450016,0.2344100288958979,0.8477834036115687,1095,35.406392694063925,14.0,unique held-out perturbation
Supplementary Fig. S5b,Pan-GW-hESC,Pan-GP-H1,0.2,weighted,Weighted,0.2287812057927125,0.0018229700423856,0.2269582357503269,0.2287812057927125,1.0,997,17.574724172517552,7.0,unique held-out perturbation
Supplementary Fig. S5b,Pan-GW-hESC,Pan-GP-H1,0.25,weighted,Weighted,0.2648230256705662,0.0012106784296507,0.2636123472409154,0.2648230256705662,1.0,843,10.734282325029657,4.0,unique held-out perturbation
Supplementary Fig. S5b,Pan-GW-hESC,Pan-GP-H1,0.3,weighted,Weighted,0.2883734377252743,0.0012593874349458,0.2871140502903284,0.2883734377252743,1.0,686,7.540816326530612,3.0,unique held-out perturbation
Supplementary Fig. S5b,Pan-GW-hESC,Pan-GP-H1,0.35,weighted,Weighted,0.2835390999090539,0.0003177647462326,0.2832213351628213,0.2835390999090539,1.0,557,5.712746858168761,3.0,unique held-out perturbation
Supplementary Fig. S5b,Pan-GW-hESC,Pan-GP-H1,0.4,weighted,Weighted,0.3006476373901526,0.0003921687957937,0.3002554685943589,0.3006476373901526,1.0,453,4.518763796909492,2.0,unique held-out perturbation
Supplementary Fig. S5b,Pan-GW-hESC,Pan-GP-H1,0.45,weighted,Weighted,0.3177533124197867,0.0014326647564469,0.3163206476633397,0.3177533124197867,1.0,349,3.968481375358166,2.0,unique held-out perturbation
Supplementary Fig. S5b,Pan-GW-hESC,Pan-GP-H1,0.5,weighted,Weighted,0.3410799935026677,0.0,0.3410799935026677,0.3410799935026677,1.0,272,3.746323529411765,1.0,unique held-out perturbation
Supplementary Fig. S5b,Pan-GW-hESC,Pan-GP-H1,0.0,linear_otherds,Linear (cross-dataset),0.1813163891456314,0.0465135819446914,0.13480280720094,0.2382413227233026,0.703094954613779,1125,389.5297777777778,89.0,unique held-out perturbation
Supplementary Fig. S5b,Pan-GW-hESC,Pan-GP-H1,0.01,linear_otherds,Linear (cross-dataset),0.1813054999479877,0.046349113585454,0.1349563863625337,0.2382132371510892,0.7033956315254852,1125,389.1297777777778,89.0,unique held-out perturbation
Supplementary Fig. S5b,Pan-GW-hESC,Pan-GP-H1,0.05,linear_otherds,Linear (cross-dataset),0.1821384465261051,0.0302405721150335,0.1518978744110715,0.2428183472994327,0.7145519999882807,1125,252.9911111111111,84.0,unique held-out perturbation
Supplementary Fig. S5b,Pan-GW-hESC,Pan-GP-H1,0.1,linear_otherds,Linear (cross-dataset),0.1651158078422439,0.0109479785539856,0.1541678292882582,0.2422291695138366,0.6665817857839587,1122,91.22727272727272,38.0,unique held-out perturbation
Supplementary Fig. S5b,Pan-GW-hESC,Pan-GP-H1,0.15,linear_otherds,Linear (cross-dataset),0.145554109662932,0.004108435100535,0.1414456745623969,0.2344100288958979,0.6141758388701389,1095,35.406392694063925,14.0,unique held-out perturbation
Supplementary Fig. S5b,Pan-GW-hESC,Pan-GP-H1,0.2,linear_otherds,Linear (cross-dataset),0.1330983944851137,0.0018229700423856,0.131275424442728,0.2287812057927125,0.5784122528478854,997,17.574724172517552,7.0,unique held-out perturbation
Supplementary Fig. S5b,Pan-GW-hESC,Pan-GP-H1,0.25,linear_otherds,Linear (cross-dataset),0.130045104703994,0.0012106784296507,0.1288344262743432,0.2648230256705662,0.488726827945587,843,10.734282325029657,4.0,unique held-out perturbation
Supplementary Fig. S5b,Pan-GW-hESC,Pan-GP-H1,0.3,linear_otherds,Linear (cross-dataset),0.1140970799001678,0.0012593874349458,0.1128376924652219,0.2883734377252743,0.3930065155331861,686,7.540816326530612,3.0,unique held-out perturbation
Supplementary Fig. S5b,Pan-GW-hESC,Pan-GP-H1,0.35,linear_otherds,Linear (cross-dataset),0.1054749021288229,0.0003177647462326,0.1051571373825903,0.2835390999090539,0.3712896040198965,557,5.712746858168761,3.0,unique held-out perturbation
Supplementary Fig. S5b,Pan-GW-hESC,Pan-GP-H1,0.4,linear_otherds,Linear (cross-dataset),0.1133368572606604,0.0003921687957937,0.1129446884648666,0.3006476373901526,0.3761619696507624,453,4.518763796909492,2.0,unique held-out perturbation
Supplementary Fig. S5b,Pan-GW-hESC,Pan-GP-H1,0.45,linear_otherds,Linear (cross-dataset),0.1069855848065595,0.0014326647564469,0.1055529200501125,0.3177533124197867,0.3336896305373419,349,3.968481375358166,2.0,unique held-out perturbation
Supplementary Fig. S5b,Pan-GW-hESC,Pan-GP-H1,0.5,linear_otherds,Linear (cross-dataset),0.1052982297347706,0.0,0.1052982297347706,0.3410799935026677,0.308720041458389,272,3.746323529411765,1.0,unique held-out perturbation
Supplementary Fig. S5b,Pan-GW-hESC,Pan-GP-H1,0.0,linear_train,Linear (training),0.1833050539324172,0.0465135819446914,0.1367914719877258,0.2382413227233026,0.7134672918598646,1125,389.5297777777778,89.0,unique held-out perturbation
Supplementary Fig. S5b,Pan-GW-hESC,Pan-GP-H1,0.01,linear_train,Linear (training),0.1832830266822111,0.046349113585454,0.136933913096757,0.2382132371510892,0.7137025440293584,1125,389.1297777777778,89.0,unique held-out perturbation
Supplementary Fig. S5b,Pan-GW-hESC,Pan-GP-H1,0.05,linear_train,Linear (training),0.1847196529830563,0.0302405721150335,0.1544790808680227,0.2428183472994327,0.7266944097708283,1125,252.9911111111111,84.0,unique held-out perturbation
Supplementary Fig. S5b,Pan-GW-hESC,Pan-GP-H1,0.1,linear_train,Linear (training),0.1642771966353429,0.0109479785539856,0.1533292180813573,0.2422291695138366,0.6629558480091636,1122,91.22727272727272,38.0,unique held-out perturbation
Supplementary Fig. S5b,Pan-GW-hESC,Pan-GP-H1,0.15,linear_train,Linear (training),0.1350760234467885,0.004108435100535,0.1309675883462534,0.2344100288958979,0.5686786017756622,1095,35.406392694063925,14.0,unique held-out perturbation
Supplementary Fig. S5b,Pan-GW-hESC,Pan-GP-H1,0.2,linear_train,Linear (training),0.1189891489021134,0.0018229700423856,0.1171661788597278,0.2287812057927125,0.5162455483158603,997,17.574724172517552,7.0,unique held-out perturbation
Supplementary Fig. S5b,Pan-GW-hESC,Pan-GP-H1,0.25,linear_train,Linear (training),0.1038730798568386,0.0012106784296507,0.1026624014271878,0.2648230256705662,0.3894445859676088,843,10.734282325029657,4.0,unique held-out perturbation
Supplementary Fig. S5b,Pan-GW-hESC,Pan-GP-H1,0.3,linear_train,Linear (training),0.0945886252275308,0.0012593874349458,0.093329237792585,0.2883734377252743,0.325059807063468,686,7.540816326530612,3.0,unique held-out perturbation
Supplementary Fig. S5b,Pan-GW-hESC,Pan-GP-H1,0.35,linear_train,Linear (training),0.0900420556903592,0.0003177647462326,0.0897242909441266,0.2835390999090539,0.3167991948507162,557,5.712746858168761,3.0,unique held-out perturbation
Supplementary Fig. S5b,Pan-GW-hESC,Pan-GP-H1,0.4,linear_train,Linear (training),0.0904336607736519,0.0003921687957937,0.0900414919778582,0.3006476373901526,0.2998829376843193,453,4.518763796909492,2.0,unique held-out perturbation
Supplementary Fig. S5b,Pan-GW-hESC,Pan-GP-H1,0.45,linear_train,Linear (training),0.0958346212013867,0.0014326647564469,0.0944019564449397,0.3177533124197867,0.2984375415967528,349,3.968481375358166,2.0,unique held-out perturbation
Supplementary Fig. S5b,Pan-GW-hESC,Pan-GP-H1,0.5,linear_train,Linear (training),0.1047314664082566,0.0,0.1047314664082566,0.3410799935026677,0.3070583687208775,272,3.746323529411765,1.0,unique held-out perturbation
Supplementary Fig. S5b,Pan-GW-hESC,Pan-GP-H1,0.0,gears,GEARS,0.0685325437445391,0.0465135819446914,0.0220189617998477,0.2382413227233026,0.1148449447660948,1125,389.5297777777778,89.0,unique held-out perturbation
Supplementary Fig. S5b,Pan-GW-hESC,Pan-GP-H1,0.01,gears,GEARS,0.0684950747893931,0.046349113585454,0.022145961203939,0.2382132371510892,0.1154252331930262,1125,389.1297777777778,89.0,unique held-out perturbation
Supplementary Fig. S5b,Pan-GW-hESC,Pan-GP-H1,0.05,gears,GEARS,0.0595518966984621,0.0302405721150335,0.0293113245834286,0.2428183472994327,0.1378851790033209,1125,252.9911111111111,84.0,unique held-out perturbation
Supplementary Fig. S5b,Pan-GW-hESC,Pan-GP-H1,0.1,gears,GEARS,0.0335993647619839,0.0109479785539856,0.0226513862079983,0.2422291695138366,0.0979387303999591,1122,91.22727272727272,38.0,unique held-out perturbation
Supplementary Fig. S5b,Pan-GW-hESC,Pan-GP-H1,0.15,gears,GEARS,0.0175366509412476,0.004108435100535,0.0134282158407125,0.2344100288958979,0.0583070903653595,1095,35.406392694063925,14.0,unique held-out perturbation
Supplementary Fig. S5b,Pan-GW-hESC,Pan-GP-H1,0.2,gears,GEARS,0.0110151795493878,0.0018229700423856,0.0091922095070021,0.2287812057927125,0.0405017666647461,997,17.574724172517552,7.0,unique held-out perturbation
Supplementary Fig. S5b,Pan-GW-hESC,Pan-GP-H1,0.25,gears,GEARS,0.0075444599626933,0.0012106784296507,0.0063337815330425,0.2648230256705662,0.0240268773421835,843,10.734282325029657,4.0,unique held-out perturbation
Supplementary Fig. S5b,Pan-GW-hESC,Pan-GP-H1,0.3,gears,GEARS,0.0048216773100815,0.0012593874349458,0.0035622898751356,0.2883734377252743,0.0124072293624553,686,7.540816326530612,3.0,unique held-out perturbation
Supplementary Fig. S5b,Pan-GW-hESC,Pan-GP-H1,0.35,gears,GEARS,0.0043217950843434,0.0003177647462326,0.0040040303381108,0.2835390999090539,0.0141374601451157,557,5.712746858168761,3.0,unique held-out perturbation
Supplementary Fig. S5b,Pan-GW-hESC,Pan-GP-H1,0.4,gears,GEARS,0.0043019893032016,0.0003921687957937,0.0039098205074079,0.3006476373901526,0.0130216462857834,453,4.518763796909492,2.0,unique held-out perturbation
Supplementary Fig. S5b,Pan-GW-hESC,Pan-GP-H1,0.45,gears,GEARS,0.0034513209375594,0.0014326647564469,0.0020186561811124,0.3177533124197867,0.0063816769345419,349,3.968481375358166,2.0,unique held-out perturbation
Supplementary Fig. S5b,Pan-GW-hESC,Pan-GP-H1,0.5,gears,GEARS,0.0058037257206055,0.0,0.0058037257206055,0.3410799935026677,0.0170157318844915,272,3.746323529411765,1.0,unique held-out perturbation
Supplementary Fig. S5b,Pan-GW-hESC,Pan-GP-H1,0.0,scGPT-ft,scGPT-ft,0.1128858383874704,0.0465135819446914,0.066372256442779,0.2382413227233026,0.3461797242967537,1125,389.5297777777778,89.0,unique held-out perturbation
Supplementary Fig. S5b,Pan-GW-hESC,Pan-GP-H1,0.01,scGPT-ft,scGPT-ft,0.1128662380903663,0.046349113585454,0.0665171245049122,0.2382132371510892,0.3466887048435467,1125,389.1297777777778,89.0,unique held-out perturbation
Supplementary Fig. S5b,Pan-GW-hESC,Pan-GP-H1,0.05,scGPT-ft,scGPT-ft,0.1088850634723713,0.0302405721150335,0.0786444913573377,0.2428183472994327,0.3699563197004865,1125,252.9911111111111,84.0,unique held-out perturbation
Supplementary Fig. S5b,Pan-GW-hESC,Pan-GP-H1,0.1,scGPT-ft,scGPT-ft,0.0771661736338391,0.0109479785539856,0.0662181950798535,0.2422291695138366,0.2863103342084941,1122,91.22727272727272,38.0,unique held-out perturbation
Supplementary Fig. S5b,Pan-GW-hESC,Pan-GP-H1,0.15,scGPT-ft,scGPT-ft,0.0492498300466969,0.004108435100535,0.0451413949461619,0.2344100288958979,0.1960099111874703,1095,35.406392694063925,14.0,unique held-out perturbation
Supplementary Fig. S5b,Pan-GW-hESC,Pan-GP-H1,0.2,scGPT-ft,scGPT-ft,0.0358011315809135,0.0018229700423856,0.0339781615385278,0.2287812057927125,0.1497110753711829,997,17.574724172517552,7.0,unique held-out perturbation
Supplementary Fig. S5b,Pan-GW-hESC,Pan-GP-H1,0.25,scGPT-ft,scGPT-ft,0.0286670426489928,0.0012106784296507,0.027456364219342,0.2648230256705662,0.1041543179092808,843,10.734282325029657,4.0,unique held-out perturbation
Supplementary Fig. S5b,Pan-GW-hESC,Pan-GP-H1,0.3,scGPT-ft,scGPT-ft,0.0247899518998771,0.0012593874349458,0.0235305644649312,0.2883734377252743,0.0819554613963936,686,7.540816326530612,3.0,unique held-out perturbation
Supplementary Fig. S5b,Pan-GW-hESC,Pan-GP-H1,0.35,scGPT-ft,scGPT-ft,0.0203830202603678,0.0003177647462326,0.0200652555141351,0.2835390999090539,0.0708465536418711,557,5.712746858168761,3.0,unique held-out perturbation
Supplementary Fig. S5b,Pan-GW-hESC,Pan-GP-H1,0.4,scGPT-ft,scGPT-ft,0.0190984700750159,0.0003921687957937,0.0187063012792221,0.3006476373901526,0.0623012841924091,453,4.518763796909492,2.0,unique held-out perturbation
Supplementary Fig. S5b,Pan-GW-hESC,Pan-GP-H1,0.45,scGPT-ft,scGPT-ft,0.0196511753933267,0.0014326647564469,0.0182185106368797,0.3177533124197867,0.0575950725046241,349,3.968481375358166,2.0,unique held-out perturbation
Supplementary Fig. S5b,Pan-GW-hESC,Pan-GP-H1,0.5,scGPT-ft,scGPT-ft,0.019075484723063,0.0,0.019075484723063,0.3410799935026677,0.0559267183254295,272,3.746323529411765,1.0,unique held-out perturbation
